build,zone,frame,ms
A,Atrium,1,18.28
A,Atrium,2,15
A,Atrium,3,16.95
A,Atrium,4,16.46
A,Atrium,5,18.54
A,Atrium,6,16.13
A,Atrium,7,17.07
A,Atrium,8,15.95
A,Atrium,9,16.14
A,Atrium,10,16.07
A,Atrium,11,15.3
A,Atrium,12,15.29
A,Atrium,13,17.1
A,Atrium,14,16.72
A,Atrium,15,14.88
A,Atrium,16,17.73
A,Atrium,17,16.96
A,Atrium,18,16.19
A,Atrium,19,18.04
A,Atrium,20,16.98
A,Atrium,21,13.27
A,Atrium,22,18.45
A,Atrium,23,16.95
A,Atrium,24,17.29
A,Atrium,25,16.04
A,Atrium,26,16.1
A,Atrium,27,16.76
A,Atrium,28,16.4
A,Atrium,29,16.73
A,Atrium,30,16.89
A,Atrium,31,16.49
A,Atrium,32,18.65
A,Atrium,33,17.59
A,Atrium,34,18.4
A,Atrium,35,18.67
A,Atrium,36,17.06
A,Atrium,37,17.05
A,Atrium,38,15.78
A,Atrium,39,17.36
A,Atrium,40,16.67
A,Atrium,41,17.15
A,Atrium,42,17.7
A,Atrium,43,17.23
A,Atrium,44,16.66
A,Atrium,45,15.69
A,Atrium,46,18.4
A,Atrium,47,16.96
A,Atrium,48,16.71
A,Atrium,49,18.78
A,Atrium,50,15.88
A,Atrium,51,18.77
A,Atrium,52,15.42
A,Atrium,53,16.63
A,Atrium,54,16.99
A,Atrium,55,18.59
A,Atrium,56,17.63
A,Atrium,57,17.61
A,Atrium,58,16.79
A,Atrium,59,16.64
A,Atrium,60,18.01
A,Atrium,61,16.29
A,Atrium,62,16.56
A,Atrium,63,17.93
A,Atrium,64,14.82
A,Atrium,65,18.14
A,Atrium,66,15.67
A,Atrium,67,16.61
A,Atrium,68,17.52
A,Atrium,69,16.47
A,Atrium,70,15.12
A,Atrium,71,17.67
A,Atrium,72,14.67
A,Atrium,73,16.82
A,Atrium,74,16.3
A,Atrium,75,14.79
A,Atrium,76,17.97
A,Atrium,77,17
A,Atrium,78,18.27
A,Atrium,79,19.02
A,Atrium,80,18.09
A,Atrium,81,17.75
A,Atrium,82,17.73
A,Atrium,83,16.52
A,Atrium,84,17.73
A,Atrium,85,18.7
A,Atrium,86,17.61
A,Atrium,87,16.23
A,Atrium,88,16.37
A,Atrium,89,17.06
A,Atrium,90,15.52
A,Atrium,91,18.6
A,Atrium,92,17.92
A,Atrium,93,16.72
A,Atrium,94,18.07
A,Atrium,95,18.59
A,Atrium,96,15.76
A,Atrium,97,15.33
A,Atrium,98,17.64
A,Atrium,99,15.09
A,Atrium,100,17.04
A,Atrium,101,16.28
A,Atrium,102,16.12
A,Atrium,103,17.03
A,Atrium,104,17.17
A,Atrium,105,16.59
A,Atrium,106,15.98
A,Atrium,107,16.93
A,Atrium,108,18.98
A,Atrium,109,18.4
A,Atrium,110,16
A,Atrium,111,16.53
A,Atrium,112,19.66
A,Atrium,113,18.82
A,Atrium,114,17.31
A,Atrium,115,16.95
A,Atrium,116,16.39
A,Atrium,117,15.87
A,Atrium,118,16.92
A,Atrium,119,15.68
A,Atrium,120,16.31
A,Atrium,121,17.44
A,Atrium,122,16.08
A,Atrium,123,17.31
A,Atrium,124,17.26
A,Atrium,125,16.79
A,Atrium,126,17.03
A,Atrium,127,17.92
A,Atrium,128,17.92
A,Atrium,129,16.76
A,Atrium,130,15.77
A,Atrium,131,17.97
A,Atrium,132,15.92
A,Atrium,133,17.06
A,Atrium,134,17.33
A,Atrium,135,16.34
A,Atrium,136,17.88
A,Atrium,137,16.44
A,Atrium,138,19.64
A,Atrium,139,15.22
A,Atrium,140,16.92
A,Atrium,141,18.07
A,Atrium,142,17.39
A,Atrium,143,16.49
A,Atrium,144,17.5
A,Atrium,145,16.3
A,Atrium,146,16.95
A,Atrium,147,16.95
A,Atrium,148,17.04
A,Atrium,149,17.4
A,Atrium,150,16.81
A,Atrium,151,17.21
A,Atrium,152,15.83
A,Atrium,153,17.61
A,Atrium,154,15.5
A,Atrium,155,16.52
A,Atrium,156,18.49
A,Atrium,157,16.34
A,Atrium,158,16.31
A,Atrium,159,16.14
A,Atrium,160,16.74
A,Atrium,161,16.81
A,Atrium,162,17.95
A,Atrium,163,14.98
A,Atrium,164,14.11
A,Atrium,165,17.35
A,Atrium,166,17.57
A,Atrium,167,18.2
A,Atrium,168,15.68
A,Atrium,169,16.63
A,Atrium,170,17.38
A,Atrium,171,16.95
A,Atrium,172,15.48
A,Atrium,173,17.24
A,Atrium,174,18.31
A,Atrium,175,17.89
A,Atrium,176,17.89
A,Atrium,177,17.33
A,Atrium,178,18.49
A,Atrium,179,18.69
A,Atrium,180,18.93
A,Atrium,181,17.97
A,Atrium,182,15.96
A,Atrium,183,17.7
A,Atrium,184,16.24
A,Atrium,185,17.03
A,Atrium,186,18.22
A,Atrium,187,17.49
A,Atrium,188,16.26
A,Atrium,189,16.91
A,Atrium,190,16.95
A,Atrium,191,17.72
A,Atrium,192,17.03
A,Atrium,193,15.74
A,Atrium,194,16.89
A,Atrium,195,15.76
A,Atrium,196,17.36
A,Atrium,197,18.01
A,Atrium,198,18.31
A,Atrium,199,16.52
A,Atrium,200,16.06
A,Atrium,201,16.6
A,Atrium,202,17.58
A,Atrium,203,17.67
A,Atrium,204,15.99
A,Atrium,205,17.24
A,Atrium,206,15.98
A,Atrium,207,16.61
A,Atrium,208,16.22
A,Atrium,209,17.55
A,Atrium,210,16.86
A,Atrium,211,16.47
A,Atrium,212,15.17
A,Atrium,213,15.52
A,Atrium,214,17.79
A,Atrium,215,17.69
A,Atrium,216,16.43
A,Atrium,217,17.82
A,Atrium,218,16.32
A,Atrium,219,16.74
A,Atrium,220,15.81
A,Atrium,221,17.11
A,Atrium,222,17.8
A,Atrium,223,18.08
A,Atrium,224,19.02
A,Atrium,225,14.63
A,Atrium,226,15.56
A,Atrium,227,17.48
A,Atrium,228,18.39
A,Atrium,229,16.38
A,Atrium,230,17.41
A,Atrium,231,16.92
A,Atrium,232,16.78
A,Atrium,233,16.99
A,Atrium,234,17.79
A,Atrium,235,17.74
A,Atrium,236,17.96
A,Atrium,237,16.57
A,Atrium,238,16.02
A,Atrium,239,18.16
A,Atrium,240,16.34
A,Atrium,241,18.22
A,Atrium,242,16.65
A,Atrium,243,17.22
A,Atrium,244,17.15
A,Atrium,245,15.85
A,Atrium,246,15.03
A,Atrium,247,16.63
A,Atrium,248,16.06
A,Atrium,249,16.55
A,Atrium,250,18.8
A,Atrium,251,17.93
A,Atrium,252,15.92
A,Atrium,253,16.66
A,Atrium,254,16.49
A,Atrium,255,18.91
A,Atrium,256,15.31
A,Atrium,257,17.79
A,Atrium,258,16.76
A,Atrium,259,16.61
A,Atrium,260,17.26
A,Atrium,261,16.96
A,Atrium,262,17.43
A,Atrium,263,15.69
A,Atrium,264,17.48
A,Atrium,265,16.83
A,Atrium,266,15.97
A,Atrium,267,17.3
A,Atrium,268,19.63
A,Atrium,269,16.33
A,Atrium,270,17.34
A,Atrium,271,17.25
A,Atrium,272,15.97
A,Atrium,273,18.52
A,Atrium,274,16.83
A,Atrium,275,17.32
A,Atrium,276,15.18
A,Atrium,277,19.55
A,Atrium,278,14.5
A,Atrium,279,16.34
A,Atrium,280,16.47
A,Atrium,281,16.43
A,Atrium,282,16.65
A,Atrium,283,17.57
A,Atrium,284,15.96
A,Atrium,285,17.07
A,Atrium,286,16.55
A,Atrium,287,16.11
A,Atrium,288,18.01
A,Atrium,289,17.02
A,Atrium,290,16.27
A,Atrium,291,17.37
A,Atrium,292,17.62
A,Atrium,293,16.57
A,Atrium,294,17.19
A,Atrium,295,16.17
A,Atrium,296,17.87
A,Atrium,297,18.59
A,Atrium,298,17.8
A,Atrium,299,15.97
A,Atrium,300,17.68
A,Atrium,301,15.37
A,Atrium,302,17.4
A,Atrium,303,15.26
A,Atrium,304,19.47
A,Atrium,305,17.59
A,Atrium,306,16.88
A,Atrium,307,18.11
A,Atrium,308,19.01
A,Atrium,309,17.21
A,Atrium,310,16.12
A,Atrium,311,17.71
A,Atrium,312,17.29
A,Atrium,313,15.32
A,Atrium,314,15.68
A,Atrium,315,15.36
A,Atrium,316,15.53
A,Atrium,317,16.94
A,Atrium,318,19.03
A,Atrium,319,15.65
A,Atrium,320,17.46
A,Atrium,321,18.59
A,Atrium,322,16.39
A,Atrium,323,16.54
A,Atrium,324,17.82
A,Atrium,325,16.94
A,Atrium,326,16.41
A,Atrium,327,17.39
A,Atrium,328,17.88
A,Atrium,329,16.37
A,Atrium,330,15.17
A,Atrium,331,18.27
A,Atrium,332,17.02
A,Atrium,333,17.85
A,Atrium,334,14.01
A,Atrium,335,16.95
A,Atrium,336,15.81
A,Atrium,337,18.13
A,Atrium,338,16.41
A,Atrium,339,18.71
A,Atrium,340,15.39
A,Atrium,341,17.03
A,Atrium,342,16.83
A,Atrium,343,19.7
A,Atrium,344,16.33
A,Atrium,345,16.12
A,Atrium,346,18.75
A,Atrium,347,17.57
A,Atrium,348,15.8
A,Atrium,349,17.11
A,Atrium,350,18.05
A,Atrium,351,17.23
A,Atrium,352,16.02
A,Atrium,353,16.62
A,Atrium,354,16.92
A,Atrium,355,16.83
A,Atrium,356,16.94
A,Atrium,357,17.39
A,Atrium,358,16.85
A,Atrium,359,18.12
A,Atrium,360,18.16
A,Atrium,361,17.37
A,Atrium,362,16.95
A,Atrium,363,17.08
A,Atrium,364,17.95
A,Atrium,365,16.95
A,Atrium,366,16.56
A,Atrium,367,16.72
A,Atrium,368,18.23
A,Atrium,369,15.74
A,Atrium,370,16.29
A,Atrium,371,15.42
A,Atrium,372,17.17
A,Atrium,373,15.32
A,Atrium,374,16.83
A,Atrium,375,16.89
A,Atrium,376,18.08
A,Atrium,377,17.23
A,Atrium,378,17.63
A,Atrium,379,15.59
A,Atrium,380,17.61
A,Atrium,381,18.02
A,Atrium,382,17.83
A,Atrium,383,18.87
A,Atrium,384,16.82
A,Atrium,385,15.28
A,Atrium,386,17.44
A,Atrium,387,19.3
A,Atrium,388,16.08
A,Atrium,389,17.36
A,Atrium,390,16.18
A,Atrium,391,17.42
A,Atrium,392,16.97
A,Atrium,393,17.18
A,Atrium,394,16.79
A,Atrium,395,17.98
A,Atrium,396,16.31
A,Atrium,397,17.67
A,Atrium,398,17.92
A,Atrium,399,18.1
A,Atrium,400,15.66
A,Atrium,401,15.83
A,Atrium,402,17.43
A,Atrium,403,17.93
A,Atrium,404,16.69
A,Atrium,405,18.08
A,Atrium,406,17.49
A,Atrium,407,17.24
A,Atrium,408,17.44
A,Atrium,409,16.42
A,Atrium,410,17.03
A,Atrium,411,18.28
A,Atrium,412,17.09
A,Atrium,413,15.88
A,Atrium,414,16.39
A,Atrium,415,17.07
A,Atrium,416,18.01
A,Atrium,417,16.07
A,Atrium,418,16.87
A,Atrium,419,17.53
A,Atrium,420,16.45
A,Atrium,421,17.38
A,Atrium,422,16.28
A,Atrium,423,18.22
A,Atrium,424,15.88
A,Atrium,425,16.9
A,Atrium,426,17.79
A,Atrium,427,17.36
A,Atrium,428,20.1
A,Atrium,429,17.3
A,Atrium,430,17.93
A,Atrium,431,18.16
A,Atrium,432,17.27
A,Atrium,433,17.73
A,Atrium,434,15.72
A,Atrium,435,17.22
A,Atrium,436,15.93
A,Atrium,437,17.8
A,Atrium,438,17.27
A,Atrium,439,17.53
A,Atrium,440,15.74
A,Atrium,441,17.74
A,Atrium,442,15.91
A,Atrium,443,16.14
A,Atrium,444,19.07
A,Atrium,445,16.66
A,Atrium,446,17.2
A,Atrium,447,17.61
A,Atrium,448,18.47
A,Atrium,449,17.91
A,Atrium,450,16.79
A,Atrium,451,15.37
A,Atrium,452,18.3
A,Atrium,453,17.35
A,Atrium,454,16.48
A,Atrium,455,18.37
A,Atrium,456,16.36
A,Atrium,457,17.84
A,Atrium,458,17.74
A,Atrium,459,16.42
A,Atrium,460,16.48
A,Atrium,461,17.34
A,Atrium,462,15.72
A,Atrium,463,16.07
A,Atrium,464,16.68
A,Atrium,465,14.62
A,Atrium,466,15.87
A,Atrium,467,16.94
A,Atrium,468,14.82
A,Atrium,469,15.88
A,Atrium,470,17.29
A,Atrium,471,17.36
A,Atrium,472,16.37
A,Atrium,473,15.45
A,Atrium,474,17.22
A,Atrium,475,17.21
A,Atrium,476,15.4
A,Atrium,477,16.45
A,Atrium,478,16.68
A,Atrium,479,15.47
A,Atrium,480,18.52
A,Atrium,481,16.24
A,Atrium,482,18.63
A,Atrium,483,17.25
A,Atrium,484,17.75
A,Atrium,485,17.87
A,Atrium,486,16.73
A,Atrium,487,16.82
A,Atrium,488,17.62
A,Atrium,489,16.39
A,Atrium,490,17.75
A,Atrium,491,17.47
A,Atrium,492,16.37
A,Atrium,493,16.51
A,Atrium,494,17.69
A,Atrium,495,15.62
A,Atrium,496,15.9
A,Atrium,497,18.51
A,Atrium,498,18.95
A,Atrium,499,15.75
A,Atrium,500,19.04
A,Atrium,501,15.72
A,Atrium,502,18.21
A,Atrium,503,17.01
A,Atrium,504,16.6
A,Atrium,505,19.09
A,Atrium,506,16.31
A,Atrium,507,19.33
A,Atrium,508,18.07
A,Atrium,509,19.45
A,Atrium,510,18.03
A,Atrium,511,16.33
A,Atrium,512,16.32
A,Atrium,513,16.27
A,Atrium,514,15.26
A,Atrium,515,16.5
A,Atrium,516,17.74
A,Atrium,517,17.04
A,Atrium,518,15.41
A,Atrium,519,17.46
A,Atrium,520,16.18
A,Atrium,521,15.85
A,Atrium,522,15.49
A,Atrium,523,16.54
A,Atrium,524,17.79
A,Atrium,525,16.86
A,Atrium,526,18.2
A,Atrium,527,15.39
A,Atrium,528,16.1
A,Atrium,529,16.48
A,Atrium,530,18.35
A,Atrium,531,17.05
A,Atrium,532,16.9
A,Atrium,533,18.83
A,Atrium,534,16.24
A,Atrium,535,18.92
A,Atrium,536,15.98
A,Atrium,537,17.41
A,Atrium,538,16.22
A,Atrium,539,17.2
A,Atrium,540,17.18
A,Atrium,541,16.28
A,Atrium,542,17.44
A,Atrium,543,14.75
A,Atrium,544,17.78
A,Atrium,545,16.24
A,Atrium,546,17.02
A,Atrium,547,18.17
A,Atrium,548,18.11
A,Atrium,549,15.32
A,Atrium,550,15.91
A,Atrium,551,17.15
A,Atrium,552,18.12
A,Atrium,553,15.12
A,Atrium,554,15.43
A,Atrium,555,16.8
A,Atrium,556,17.46
A,Atrium,557,17.7
A,Atrium,558,17.97
A,Atrium,559,18.39
A,Atrium,560,18.01
A,Atrium,561,16.26
A,Atrium,562,18.14
A,Atrium,563,17.63
A,Atrium,564,17.32
A,Atrium,565,15.3
A,Atrium,566,17.74
A,Atrium,567,17.75
A,Atrium,568,15.28
A,Atrium,569,16.44
A,Atrium,570,17.47
A,Atrium,571,16.05
A,Atrium,572,16.04
A,Atrium,573,16.85
A,Atrium,574,16.77
A,Atrium,575,16.73
A,Atrium,576,16.82
A,Atrium,577,18.61
A,Atrium,578,18.19
A,Atrium,579,18.05
A,Atrium,580,18.16
A,Atrium,581,17.6
A,Atrium,582,16.84
A,Atrium,583,17.71
A,Atrium,584,15.06
A,Atrium,585,15.54
A,Atrium,586,17.88
A,Atrium,587,18.69
A,Atrium,588,16.83
A,Atrium,589,18.59
A,Atrium,590,14.77
A,Atrium,591,17.99
A,Atrium,592,15.75
A,Atrium,593,19.19
A,Atrium,594,17.09
A,Atrium,595,17.2
A,Atrium,596,14.81
A,Atrium,597,16.75
A,Atrium,598,16.64
A,Atrium,599,17.7
A,Atrium,600,15.65
A,Atrium,601,16.2
A,Atrium,602,15.87
A,Atrium,603,16.22
A,Atrium,604,15.9
A,Atrium,605,18.82
A,Atrium,606,17.39
A,Atrium,607,16.84
A,Atrium,608,15.94
A,Atrium,609,17.69
A,Atrium,610,16.04
A,Atrium,611,16.68
A,Atrium,612,17.55
A,Atrium,613,18.26
A,Atrium,614,17.21
A,Atrium,615,16.34
A,Atrium,616,16.13
A,Atrium,617,16.22
A,Atrium,618,18.23
A,Atrium,619,17.22
A,Atrium,620,17.27
A,Atrium,621,16.61
A,Atrium,622,16.7
A,Atrium,623,18.53
A,Atrium,624,14.52
A,Atrium,625,16.03
A,Atrium,626,17.21
A,Atrium,627,16.7
A,Atrium,628,16.01
A,Atrium,629,19.03
A,Atrium,630,17.38
A,Atrium,631,18.45
A,Atrium,632,16.21
A,Atrium,633,17.87
A,Atrium,634,14.79
A,Atrium,635,18.13
A,Atrium,636,17.67
A,Atrium,637,14.69
A,Atrium,638,17.09
A,Atrium,639,18.07
A,Atrium,640,16.88
A,Atrium,641,16.54
A,Atrium,642,17.62
A,Atrium,643,15.81
A,Atrium,644,17.7
A,Atrium,645,17.01
A,Atrium,646,16.84
A,Atrium,647,16.61
A,Atrium,648,16.85
A,Atrium,649,16.96
A,Atrium,650,17.06
A,Atrium,651,16.2
A,Atrium,652,18.22
A,Atrium,653,15.51
A,Atrium,654,15.1
A,Atrium,655,16.89
A,Atrium,656,19.05
A,Atrium,657,16
A,Atrium,658,15.14
A,Atrium,659,17.17
A,Atrium,660,14.87
A,Atrium,661,17.52
A,Atrium,662,14.9
A,Atrium,663,16.69
A,Atrium,664,16.72
A,Atrium,665,18.18
A,Atrium,666,17.19
A,Atrium,667,17.93
A,Atrium,668,17.68
A,Atrium,669,15.97
A,Atrium,670,16.09
A,Atrium,671,16.46
A,Atrium,672,20.22
A,Atrium,673,16.92
A,Atrium,674,16.53
A,Atrium,675,16.65
A,Atrium,676,14.49
A,Atrium,677,17
A,Atrium,678,18.39
A,Atrium,679,15.89
A,Atrium,680,18.09
A,Atrium,681,18.65
A,Atrium,682,16.7
A,Atrium,683,18.62
A,Atrium,684,16.02
A,Atrium,685,19.69
A,Atrium,686,15.47
A,Atrium,687,15.64
A,Atrium,688,17.97
A,Atrium,689,17.52
A,Atrium,690,17.3
A,Atrium,691,19.01
A,Atrium,692,15.9
A,Atrium,693,16.34
A,Atrium,694,15.64
A,Atrium,695,17.96
A,Atrium,696,17.34
A,Atrium,697,15.63
A,Atrium,698,14.69
A,Atrium,699,17.29
A,Atrium,700,15.72
A,Atrium,701,17.5
A,Atrium,702,16.53
A,Atrium,703,17.16
A,Atrium,704,17.5
A,Atrium,705,17.12
A,Atrium,706,17.28
A,Atrium,707,17.33
A,Atrium,708,15.97
A,Atrium,709,18.02
A,Atrium,710,17.02
A,Atrium,711,17.24
A,Atrium,712,17.12
A,Atrium,713,15.83
A,Atrium,714,16.6
A,Atrium,715,15.03
A,Atrium,716,16.54
A,Atrium,717,17.08
A,Atrium,718,16.21
A,Atrium,719,16.98
A,Atrium,720,17.94
A,Atrium,721,17.19
A,Atrium,722,16.99
A,Atrium,723,18.05
A,Atrium,724,17.96
A,Atrium,725,16.69
A,Atrium,726,18.1
A,Atrium,727,17.35
A,Atrium,728,19.88
A,Atrium,729,18.41
A,Atrium,730,17.16
A,Atrium,731,16.01
A,Atrium,732,17.58
A,Atrium,733,17.37
A,Atrium,734,19
A,Atrium,735,17.11
A,Atrium,736,18.18
A,Atrium,737,16.53
A,Atrium,738,17.41
A,Atrium,739,18.08
A,Atrium,740,16.44
A,Atrium,741,17.48
A,Atrium,742,17.73
A,Atrium,743,19.36
A,Atrium,744,17.84
A,Atrium,745,16.85
A,Atrium,746,17.03
A,Atrium,747,16.98
A,Atrium,748,15.59
A,Atrium,749,17.6
A,Atrium,750,17.4
A,Atrium,751,17.68
A,Atrium,752,18.74
A,Atrium,753,16.86
A,Atrium,754,18.9
A,Atrium,755,16.31
A,Atrium,756,16.68
A,Atrium,757,16.79
A,Atrium,758,17.2
A,Atrium,759,16.71
A,Atrium,760,16.89
A,Atrium,761,17.17
A,Atrium,762,14.83
A,Atrium,763,16.16
A,Atrium,764,17.3
A,Atrium,765,16.72
A,Atrium,766,16.31
A,Atrium,767,14.82
A,Atrium,768,16.14
A,Atrium,769,18.28
A,Atrium,770,16.74
A,Atrium,771,16.17
A,Atrium,772,17.09
A,Atrium,773,16.75
A,Atrium,774,17.66
A,Atrium,775,16.37
A,Atrium,776,18.2
A,Atrium,777,18.01
A,Atrium,778,16.66
A,Atrium,779,18.51
A,Atrium,780,17.01
A,Atrium,781,18.2
A,Atrium,782,16.16
A,Atrium,783,17.55
A,Atrium,784,16.49
A,Atrium,785,17.03
A,Atrium,786,17.46
A,Atrium,787,16.84
A,Atrium,788,17.81
A,Atrium,789,17.06
A,Atrium,790,16.01
A,Atrium,791,19.25
A,Atrium,792,17.36
A,Atrium,793,17.54
A,Atrium,794,17.37
A,Atrium,795,15.94
A,Atrium,796,16.88
A,Atrium,797,20.03
A,Atrium,798,17.31
A,Atrium,799,17.65
A,Atrium,800,17.4
A,Atrium,801,16.53
A,Atrium,802,18.53
A,Atrium,803,16.01
A,Atrium,804,16.24
A,Atrium,805,17.04
A,Atrium,806,15.92
A,Atrium,807,17.15
A,Atrium,808,17.34
A,Atrium,809,18.89
A,Atrium,810,14.86
A,Atrium,811,16.86
A,Atrium,812,17.84
A,Atrium,813,15.41
A,Atrium,814,16.58
A,Atrium,815,16.51
A,Atrium,816,15.81
A,Atrium,817,16.94
A,Atrium,818,16.39
A,Atrium,819,19.33
A,Atrium,820,18.22
A,Atrium,821,15.54
A,Atrium,822,16.87
A,Atrium,823,17.18
A,Atrium,824,17.38
A,Atrium,825,17.19
A,Atrium,826,17
A,Atrium,827,16.68
A,Atrium,828,17.29
A,Atrium,829,16.81
A,Atrium,830,18.08
A,Atrium,831,16.72
A,Atrium,832,16.63
A,Atrium,833,16.9
A,Atrium,834,16.46
A,Atrium,835,16.43
A,Atrium,836,18.21
A,Atrium,837,17.63
A,Atrium,838,15.56
A,Atrium,839,17.36
A,Atrium,840,20.04
A,Atrium,841,19
A,Atrium,842,17.58
A,Atrium,843,17.47
A,Atrium,844,17.81
A,Atrium,845,16.7
A,Atrium,846,17.32
A,Atrium,847,18.5
A,Atrium,848,18.87
A,Atrium,849,16.63
A,Atrium,850,16.46
A,Atrium,851,16.67
A,Atrium,852,14.6
A,Atrium,853,17.46
A,Atrium,854,16.7
A,Atrium,855,17.4
A,Atrium,856,18.48
A,Atrium,857,17.88
A,Atrium,858,16.86
A,Atrium,859,16.54
A,Atrium,860,17.98
A,Atrium,861,14.95
A,Atrium,862,17.34
A,Atrium,863,15.51
A,Atrium,864,18.7
A,Atrium,865,17.87
A,Atrium,866,16.82
A,Atrium,867,17.52
A,Atrium,868,15.52
A,Atrium,869,15.71
A,Atrium,870,16.54
A,Atrium,871,16.33
A,Atrium,872,16.3
A,Atrium,873,16.63
A,Atrium,874,17.49
A,Atrium,875,15.7
A,Atrium,876,17.22
A,Atrium,877,16.18
A,Atrium,878,18.63
A,Atrium,879,18.42
A,Atrium,880,18.53
A,Atrium,881,16.38
A,Atrium,882,17.35
A,Atrium,883,17.39
A,Atrium,884,16.7
A,Atrium,885,17.58
A,Atrium,886,16.05
A,Atrium,887,17.57
A,Atrium,888,17
A,Atrium,889,16.55
A,Atrium,890,20.22
A,Atrium,891,16.09
A,Atrium,892,16.97
A,Atrium,893,17.4
A,Atrium,894,17.72
A,Atrium,895,17.41
A,Atrium,896,17.08
A,Atrium,897,18.42
A,Atrium,898,17.95
A,Atrium,899,16.76
A,Atrium,900,16.12
A,Atrium,901,17.85
A,Atrium,902,15.11
A,Atrium,903,16.18
A,Atrium,904,17.76
A,Atrium,905,15.38
A,Atrium,906,18.61
A,Atrium,907,18.06
A,Atrium,908,17.79
A,Atrium,909,16.96
A,Atrium,910,15.95
A,Atrium,911,14.43
A,Atrium,912,17.91
A,Atrium,913,16.64
A,Atrium,914,17.51
A,Atrium,915,16.66
A,Atrium,916,18.2
A,Atrium,917,17.61
A,Atrium,918,17.53
A,Atrium,919,15.43
A,Atrium,920,16.85
A,Atrium,921,17.96
A,Atrium,922,17.56
A,Atrium,923,18
A,Atrium,924,16.28
A,Atrium,925,17.51
A,Atrium,926,17.66
A,Atrium,927,18.23
A,Atrium,928,17.09
A,Atrium,929,17.32
A,Atrium,930,16.74
A,Atrium,931,15.98
A,Atrium,932,15.1
A,Atrium,933,17.3
A,Atrium,934,14.82
A,Atrium,935,18.69
A,Atrium,936,16.44
A,Atrium,937,16.97
A,Atrium,938,16.02
A,Atrium,939,17
A,Atrium,940,15.29
A,Atrium,941,14.79
A,Atrium,942,17.24
A,Atrium,943,17.13
A,Atrium,944,15.3
A,Atrium,945,16.9
A,Atrium,946,16.25
A,Atrium,947,17.31
A,Atrium,948,16.4
A,Atrium,949,17.36
A,Atrium,950,15.88
A,Atrium,951,15.4
A,Atrium,952,17.31
A,Atrium,953,16.24
A,Atrium,954,15.98
A,Atrium,955,15.36
A,Atrium,956,16.18
A,Atrium,957,16.17
A,Atrium,958,16.96
A,Atrium,959,16.58
A,Atrium,960,16.45
A,Atrium,961,15.49
A,Atrium,962,15.84
A,Atrium,963,17.38
A,Atrium,964,19.37
A,Atrium,965,19.14
A,Atrium,966,15.78
A,Atrium,967,17.5
A,Atrium,968,13.97
A,Atrium,969,18.14
A,Atrium,970,15.9
A,Atrium,971,15.77
A,Atrium,972,15.93
A,Atrium,973,16.39
A,Atrium,974,15.37
A,Atrium,975,16.22
A,Atrium,976,16.16
A,Atrium,977,19.12
A,Atrium,978,14.16
A,Atrium,979,17.21
A,Atrium,980,17.71
A,Atrium,981,16.06
A,Atrium,982,18.96
A,Atrium,983,18.38
A,Atrium,984,17.96
A,Atrium,985,16.03
A,Atrium,986,17.43
A,Atrium,987,17.52
A,Atrium,988,15.54
A,Atrium,989,17.04
A,Atrium,990,16.84
A,Atrium,991,16.7
A,Atrium,992,17.53
A,Atrium,993,16.16
A,Atrium,994,18.28
A,Atrium,995,16.32
A,Atrium,996,17.22
A,Atrium,997,16.9
A,Atrium,998,18.6
A,Atrium,999,16.47
A,Atrium,1000,15.11
A,Atrium,1001,16.02
A,Atrium,1002,15.79
A,Atrium,1003,17.78
A,Atrium,1004,15.93
A,Atrium,1005,15.38
A,Atrium,1006,16.85
A,Atrium,1007,15.96
A,Atrium,1008,17.37
A,Atrium,1009,18.52
A,Atrium,1010,18.51
A,Atrium,1011,16.86
A,Atrium,1012,18.65
A,Atrium,1013,16.46
A,Atrium,1014,16.05
A,Atrium,1015,17.16
A,Atrium,1016,16.91
A,Atrium,1017,18.05
A,Atrium,1018,18.45
A,Atrium,1019,16.59
A,Atrium,1020,16.77
A,Atrium,1021,18.07
A,Atrium,1022,17.63
A,Atrium,1023,15.15
A,Atrium,1024,16.4
A,Atrium,1025,16.7
A,Atrium,1026,16.66
A,Atrium,1027,15.77
A,Atrium,1028,17.55
A,Atrium,1029,17.89
A,Atrium,1030,15.53
A,Atrium,1031,17.79
A,Atrium,1032,16.63
A,Atrium,1033,17.7
A,Atrium,1034,17.09
A,Atrium,1035,16.03
A,Atrium,1036,14.86
A,Atrium,1037,15.27
A,Atrium,1038,16.39
A,Atrium,1039,17.49
A,Atrium,1040,15.17
A,Atrium,1041,17.43
A,Atrium,1042,16.47
A,Atrium,1043,15.51
A,Atrium,1044,16.57
A,Atrium,1045,18.03
A,Atrium,1046,16.36
A,Atrium,1047,16.7
A,Atrium,1048,16.2
A,Atrium,1049,16.13
A,Atrium,1050,18.11
A,Atrium,1051,15.12
A,Atrium,1052,16.62
A,Atrium,1053,17.68
A,Atrium,1054,17.02
A,Atrium,1055,16.83
A,Atrium,1056,17.29
A,Atrium,1057,18.59
A,Atrium,1058,15.27
A,Atrium,1059,17.3
A,Atrium,1060,16.13
A,Atrium,1061,16.14
A,Atrium,1062,14.19
A,Atrium,1063,15.53
A,Atrium,1064,15.76
A,Atrium,1065,17.25
A,Atrium,1066,16.52
A,Atrium,1067,16.71
A,Atrium,1068,18.4
A,Atrium,1069,16.03
A,Atrium,1070,16.56
A,Atrium,1071,15.9
A,Atrium,1072,16.92
A,Atrium,1073,18.83
A,Atrium,1074,16.81
A,Atrium,1075,18.37
A,Atrium,1076,17.49
A,Atrium,1077,17.58
A,Atrium,1078,16.45
A,Atrium,1079,17.54
A,Atrium,1080,15.7
A,Atrium,1081,17.54
A,Atrium,1082,18.53
A,Atrium,1083,17.34
A,Atrium,1084,18.6
A,Atrium,1085,18.09
A,Atrium,1086,19.72
A,Atrium,1087,17.06
A,Atrium,1088,19.61
A,Atrium,1089,17.1
A,Atrium,1090,18.75
A,Atrium,1091,17.85
A,Atrium,1092,18.11
A,Atrium,1093,17.13
A,Atrium,1094,17.5
A,Atrium,1095,16.34
A,Atrium,1096,16.98
A,Atrium,1097,15.91
A,Atrium,1098,15.15
A,Atrium,1099,17.57
A,Atrium,1100,17.83
A,Atrium,1101,16.85
A,Atrium,1102,16.38
A,Atrium,1103,16.04
A,Atrium,1104,18.51
A,Atrium,1105,19.3
A,Atrium,1106,16.61
A,Atrium,1107,16.66
A,Atrium,1108,17.42
A,Atrium,1109,18.39
A,Atrium,1110,15.71
A,Atrium,1111,17.16
A,Atrium,1112,18.33
A,Atrium,1113,17.25
A,Atrium,1114,17.27
A,Atrium,1115,16.73
A,Atrium,1116,16.14
A,Atrium,1117,17.35
A,Atrium,1118,18.09
A,Atrium,1119,16.61
A,Atrium,1120,17.28
A,Atrium,1121,15.95
A,Atrium,1122,17.34
A,Atrium,1123,18.27
A,Atrium,1124,14.93
A,Atrium,1125,17.81
A,Atrium,1126,18.46
A,Atrium,1127,16.36
A,Atrium,1128,15.92
A,Atrium,1129,17.92
A,Atrium,1130,17.76
A,Atrium,1131,17.24
A,Atrium,1132,17.41
A,Atrium,1133,16.38
A,Atrium,1134,17.51
A,Atrium,1135,17
A,Atrium,1136,19.03
A,Atrium,1137,16.15
A,Atrium,1138,18.5
A,Atrium,1139,17.46
A,Atrium,1140,17.15
A,Atrium,1141,15.58
A,Atrium,1142,16.49
A,Atrium,1143,17.19
A,Atrium,1144,17.86
A,Atrium,1145,17.36
A,Atrium,1146,16.74
A,Atrium,1147,16.76
A,Atrium,1148,17.86
A,Atrium,1149,17.64
A,Atrium,1150,15.38
A,Atrium,1151,16.31
A,Atrium,1152,17.53
A,Atrium,1153,16.83
A,Atrium,1154,15.12
A,Atrium,1155,17.33
A,Atrium,1156,14.74
A,Atrium,1157,17.8
A,Atrium,1158,15.24
A,Atrium,1159,17.68
A,Atrium,1160,17.76
A,Atrium,1161,16.51
A,Atrium,1162,18.28
A,Atrium,1163,18.21
A,Atrium,1164,17.23
A,Atrium,1165,16.23
A,Atrium,1166,16.12
A,Atrium,1167,17.77
A,Atrium,1168,18.11
A,Atrium,1169,15.57
A,Atrium,1170,15.79
A,Atrium,1171,16.36
A,Atrium,1172,16.99
A,Atrium,1173,17.48
A,Atrium,1174,16.5
A,Atrium,1175,16.69
A,Atrium,1176,15.74
A,Atrium,1177,15.85
A,Atrium,1178,16.09
A,Atrium,1179,15.54
A,Atrium,1180,18.77
A,Atrium,1181,18.82
A,Atrium,1182,17.04
A,Atrium,1183,18.05
A,Atrium,1184,17.28
A,Atrium,1185,17.09
A,Atrium,1186,16.3
A,Atrium,1187,15.98
A,Atrium,1188,17.96
A,Atrium,1189,18.54
A,Atrium,1190,15.78
A,Atrium,1191,17.69
A,Atrium,1192,15.68
A,Atrium,1193,14.86
A,Atrium,1194,17.97
A,Atrium,1195,17.65
A,Atrium,1196,15.75
A,Atrium,1197,16.93
A,Atrium,1198,15.88
A,Atrium,1199,17.72
A,Atrium,1200,17.61
A,Atrium,1201,18.58
A,Atrium,1202,16.34
A,Atrium,1203,15.9
A,Atrium,1204,16.92
A,Atrium,1205,17.28
A,Atrium,1206,17.68
A,Atrium,1207,18.19
A,Atrium,1208,19.1
A,Atrium,1209,17.88
A,Atrium,1210,16.69
A,Atrium,1211,15.28
A,Atrium,1212,17.44
A,Atrium,1213,14.52
A,Atrium,1214,16.48
A,Atrium,1215,17.89
A,Atrium,1216,15.8
A,Atrium,1217,17.29
A,Atrium,1218,18.5
A,Atrium,1219,17.39
A,Atrium,1220,17
A,Atrium,1221,18.52
A,Atrium,1222,15.27
A,Atrium,1223,16.08
A,Atrium,1224,17.39
A,Atrium,1225,16.6
A,Atrium,1226,17.48
A,Atrium,1227,15.28
A,Atrium,1228,15.43
A,Atrium,1229,17.66
A,Atrium,1230,17.1
A,Atrium,1231,15.75
A,Atrium,1232,16.25
A,Atrium,1233,18.11
A,Atrium,1234,16.85
A,Atrium,1235,16.68
A,Atrium,1236,17.19
A,Atrium,1237,16.7
A,Atrium,1238,16.22
A,Atrium,1239,18.2
A,Atrium,1240,16.25
A,Atrium,1241,16.54
A,Atrium,1242,17.01
A,Atrium,1243,17.98
A,Atrium,1244,16.85
A,Atrium,1245,16.48
A,Atrium,1246,16.99
A,Atrium,1247,16.38
A,Atrium,1248,16.14
A,Atrium,1249,18.32
A,Atrium,1250,15.43
A,Atrium,1251,17.55
A,Atrium,1252,18.19
A,Atrium,1253,17.79
A,Atrium,1254,17.14
A,Atrium,1255,16.14
A,Atrium,1256,16.66
A,Atrium,1257,15.93
A,Atrium,1258,17.3
A,Atrium,1259,17.99
A,Atrium,1260,16.81
A,Atrium,1261,16.12
A,Atrium,1262,18.69
A,Atrium,1263,17.42
A,Atrium,1264,17.16
A,Atrium,1265,16.57
A,Atrium,1266,16.32
A,Atrium,1267,17.31
A,Atrium,1268,17.05
A,Atrium,1269,17.88
A,Atrium,1270,18.52
A,Atrium,1271,16.53
A,Atrium,1272,15.73
A,Atrium,1273,18.47
A,Atrium,1274,17.71
A,Atrium,1275,16.8
A,Atrium,1276,17.51
A,Atrium,1277,18.86
A,Atrium,1278,16.17
A,Atrium,1279,16.73
A,Atrium,1280,16.48
A,Atrium,1281,16.8
A,Atrium,1282,15.94
A,Atrium,1283,16.02
A,Atrium,1284,16.96
A,Atrium,1285,16.24
A,Atrium,1286,17.55
A,Atrium,1287,17.28
A,Atrium,1288,18.05
A,Atrium,1289,16.97
A,Atrium,1290,17.9
A,Atrium,1291,17.23
A,Atrium,1292,15.42
A,Atrium,1293,16.79
A,Atrium,1294,15.14
A,Atrium,1295,16.97
A,Atrium,1296,16.5
A,Atrium,1297,16.99
A,Atrium,1298,19.78
A,Atrium,1299,15.69
A,Atrium,1300,16.02
A,Atrium,1301,16.3
A,Atrium,1302,17.97
A,Atrium,1303,17.9
A,Atrium,1304,16.97
A,Atrium,1305,19.45
A,Atrium,1306,18.42
A,Atrium,1307,16.25
A,Atrium,1308,16.52
A,Atrium,1309,18.59
A,Atrium,1310,15.85
A,Atrium,1311,16.57
A,Atrium,1312,18.47
A,Atrium,1313,17.43
A,Atrium,1314,18.71
A,Atrium,1315,16.76
A,Atrium,1316,19.09
A,Atrium,1317,19.18
A,Atrium,1318,16.78
A,Atrium,1319,15.89
A,Atrium,1320,16.97
A,Atrium,1321,15.71
A,Atrium,1322,17.44
A,Atrium,1323,15.85
A,Atrium,1324,17.85
A,Atrium,1325,18.9
A,Atrium,1326,18.07
A,Atrium,1327,16.09
A,Atrium,1328,17.45
A,Atrium,1329,15.82
A,Atrium,1330,16.25
A,Atrium,1331,16.5
A,Atrium,1332,17.58
A,Atrium,1333,15.88
A,Atrium,1334,18.38
A,Atrium,1335,16.92
A,Atrium,1336,17.37
A,Atrium,1337,17.48
A,Atrium,1338,17.82
A,Atrium,1339,17.19
A,Atrium,1340,18.08
A,Atrium,1341,19.9
A,Atrium,1342,17.69
A,Atrium,1343,18.24
A,Atrium,1344,17.03
A,Atrium,1345,17.34
A,Atrium,1346,16.76
A,Atrium,1347,15.36
A,Atrium,1348,14.45
A,Atrium,1349,16.34
A,Atrium,1350,15.42
A,Atrium,1351,18.32
A,Atrium,1352,15.27
A,Atrium,1353,16.89
A,Atrium,1354,16.18
A,Atrium,1355,17.77
A,Atrium,1356,17.49
A,Atrium,1357,16.72
A,Atrium,1358,16.64
A,Atrium,1359,16.55
A,Atrium,1360,15.7
A,Atrium,1361,15.94
A,Atrium,1362,15.78
A,Atrium,1363,16.6
A,Atrium,1364,16.89
A,Atrium,1365,16.06
A,Atrium,1366,15.87
A,Atrium,1367,15.17
A,Atrium,1368,16.91
A,Atrium,1369,18.39
A,Atrium,1370,16.76
A,Atrium,1371,17.28
A,Atrium,1372,16.41
A,Atrium,1373,16.58
A,Atrium,1374,17.97
A,Atrium,1375,16.86
A,Atrium,1376,16.38
A,Atrium,1377,17.84
A,Atrium,1378,16.66
A,Atrium,1379,17.97
A,Atrium,1380,16.16
A,Atrium,1381,18.38
A,Atrium,1382,16.87
A,Atrium,1383,16.44
A,Atrium,1384,15.5
A,Atrium,1385,16.71
A,Atrium,1386,18.02
A,Atrium,1387,16.52
A,Atrium,1388,17.72
A,Atrium,1389,17.12
A,Atrium,1390,16.37
A,Atrium,1391,18.78
A,Atrium,1392,15.13
A,Atrium,1393,17.52
A,Atrium,1394,17.81
A,Atrium,1395,15.01
A,Atrium,1396,16.68
A,Atrium,1397,16.32
A,Atrium,1398,15.11
A,Atrium,1399,16.08
A,Atrium,1400,18.04
A,Atrium,1401,17.49
A,Atrium,1402,18.4
A,Atrium,1403,18.26
A,Atrium,1404,18.27
A,Atrium,1405,18.19
A,Atrium,1406,18.11
A,Atrium,1407,18.62
A,Atrium,1408,17.35
A,Atrium,1409,18.37
A,Atrium,1410,16.32
A,Atrium,1411,16.51
A,Atrium,1412,20.24
A,Atrium,1413,16.08
A,Atrium,1414,17.69
A,Atrium,1415,18.49
A,Atrium,1416,15.9
A,Atrium,1417,16.73
A,Atrium,1418,15.53
A,Atrium,1419,17.51
A,Atrium,1420,16.91
A,Atrium,1421,18.66
A,Atrium,1422,16.64
A,Atrium,1423,15.99
A,Atrium,1424,15.93
A,Atrium,1425,17.11
A,Atrium,1426,16.93
A,Atrium,1427,19.07
A,Atrium,1428,17.19
A,Atrium,1429,17.82
A,Atrium,1430,15.83
A,Atrium,1431,17.52
A,Atrium,1432,18.47
A,Atrium,1433,15.87
A,Atrium,1434,16.17
A,Atrium,1435,15.87
A,Atrium,1436,18.09
A,Atrium,1437,17.6
A,Atrium,1438,18.65
A,Atrium,1439,17.13
A,Atrium,1440,17.47
A,Atrium,1441,16.93
A,Atrium,1442,16.75
A,Atrium,1443,16.24
A,Atrium,1444,16.46
A,Atrium,1445,16.12
A,Atrium,1446,16.99
A,Atrium,1447,15.29
A,Atrium,1448,18.16
A,Atrium,1449,18.66
A,Atrium,1450,16.69
A,Atrium,1451,17.97
A,Atrium,1452,17.67
A,Atrium,1453,16.66
A,Atrium,1454,18.85
A,Atrium,1455,15.91
A,Atrium,1456,16.69
A,Atrium,1457,17.33
A,Atrium,1458,17.42
A,Atrium,1459,18.49
A,Atrium,1460,13.96
A,Atrium,1461,16.94
A,Atrium,1462,17.18
A,Atrium,1463,19.19
A,Atrium,1464,17.51
A,Atrium,1465,16.9
A,Atrium,1466,16.16
A,Atrium,1467,18.26
A,Atrium,1468,17.31
A,Atrium,1469,17
A,Atrium,1470,17.55
A,Atrium,1471,15.89
A,Atrium,1472,15.44
A,Atrium,1473,15.3
A,Atrium,1474,20.04
A,Atrium,1475,17.14
A,Atrium,1476,16.24
A,Atrium,1477,17.44
A,Atrium,1478,16.61
A,Atrium,1479,17.06
A,Atrium,1480,16.26
A,Atrium,1481,15.3
A,Atrium,1482,16.81
A,Atrium,1483,17.94
A,Atrium,1484,16.92
A,Atrium,1485,17.36
A,Atrium,1486,18.2
A,Atrium,1487,16.15
A,Atrium,1488,18.11
A,Atrium,1489,15.63
A,Atrium,1490,17
A,Atrium,1491,15.42
A,Atrium,1492,16.61
A,Atrium,1493,15.91
A,Atrium,1494,17.95
A,Atrium,1495,16.24
A,Atrium,1496,17.42
A,Atrium,1497,16.53
A,Atrium,1498,15.91
A,Atrium,1499,16.22
A,Atrium,1500,15.29
A,Corridor,1,18.98
A,Corridor,2,18.63
A,Corridor,3,17.1
A,Corridor,4,17.94
A,Corridor,5,17.79
A,Corridor,6,15.39
A,Corridor,7,17.77
A,Corridor,8,18.94
A,Corridor,9,16.91
A,Corridor,10,17.39
A,Corridor,11,16.84
A,Corridor,12,16.02
A,Corridor,13,17.07
A,Corridor,14,16.45
A,Corridor,15,16.76
A,Corridor,16,17.75
A,Corridor,17,17.39
A,Corridor,18,17.37
A,Corridor,19,15.24
A,Corridor,20,17.65
A,Corridor,21,17.39
A,Corridor,22,14.12
A,Corridor,23,15.38
A,Corridor,24,18.3
A,Corridor,25,16.84
A,Corridor,26,18.66
A,Corridor,27,17.55
A,Corridor,28,17.67
A,Corridor,29,16.79
A,Corridor,30,15.62
A,Corridor,31,18.23
A,Corridor,32,18.15
A,Corridor,33,18.23
A,Corridor,34,17.25
A,Corridor,35,14.93
A,Corridor,36,17.02
A,Corridor,37,17.59
A,Corridor,38,16.01
A,Corridor,39,18.15
A,Corridor,40,16.79
A,Corridor,41,17.85
A,Corridor,42,18.61
A,Corridor,43,16.19
A,Corridor,44,14.93
A,Corridor,45,17.29
A,Corridor,46,17.49
A,Corridor,47,16.53
A,Corridor,48,18.71
A,Corridor,49,16.18
A,Corridor,50,16.37
A,Corridor,51,17.54
A,Corridor,52,16.55
A,Corridor,53,17.01
A,Corridor,54,16.6
A,Corridor,55,18.12
A,Corridor,56,17.38
A,Corridor,57,18.54
A,Corridor,58,15.64
A,Corridor,59,17.43
A,Corridor,60,18.18
A,Corridor,61,16.09
A,Corridor,62,15.93
A,Corridor,63,17.94
A,Corridor,64,17.56
A,Corridor,65,16.02
A,Corridor,66,16.02
A,Corridor,67,16.13
A,Corridor,68,18
A,Corridor,69,17.13
A,Corridor,70,16.82
A,Corridor,71,16.76
A,Corridor,72,18.89
A,Corridor,73,16.83
A,Corridor,74,16.26
A,Corridor,75,16.36
A,Corridor,76,17.02
A,Corridor,77,18.31
A,Corridor,78,18.42
A,Corridor,79,18.62
A,Corridor,80,18.4
A,Corridor,81,17.45
A,Corridor,82,16.46
A,Corridor,83,17.4
A,Corridor,84,18.3
A,Corridor,85,19.07
A,Corridor,86,17.56
A,Corridor,87,15.57
A,Corridor,88,17.58
A,Corridor,89,16.95
A,Corridor,90,15.86
A,Corridor,91,16.2
A,Corridor,92,16.69
A,Corridor,93,17.33
A,Corridor,94,15.95
A,Corridor,95,16.3
A,Corridor,96,17.09
A,Corridor,97,16.9
A,Corridor,98,16.73
A,Corridor,99,16.22
A,Corridor,100,16.45
A,Corridor,101,18.96
A,Corridor,102,16.15
A,Corridor,103,18.58
A,Corridor,104,17.46
A,Corridor,105,15.88
A,Corridor,106,15.96
A,Corridor,107,16.47
A,Corridor,108,16.48
A,Corridor,109,17.06
A,Corridor,110,16.41
A,Corridor,111,17.68
A,Corridor,112,15.69
A,Corridor,113,16.45
A,Corridor,114,20.26
A,Corridor,115,17.65
A,Corridor,116,16.44
A,Corridor,117,16.02
A,Corridor,118,16.08
A,Corridor,119,16.78
A,Corridor,120,17.75
A,Corridor,121,16.71
A,Corridor,122,16.9
A,Corridor,123,17.9
A,Corridor,124,16.81
A,Corridor,125,16.47
A,Corridor,126,17.21
A,Corridor,127,18.37
A,Corridor,128,17.44
A,Corridor,129,16.76
A,Corridor,130,16.49
A,Corridor,131,16.32
A,Corridor,132,17.95
A,Corridor,133,18.28
A,Corridor,134,17.61
A,Corridor,135,17.63
A,Corridor,136,17.62
A,Corridor,137,17.58
A,Corridor,138,17.6
A,Corridor,139,17.69
A,Corridor,140,17.39
A,Corridor,141,16.82
A,Corridor,142,16.51
A,Corridor,143,15.08
A,Corridor,144,16.73
A,Corridor,145,15.14
A,Corridor,146,16.89
A,Corridor,147,16.95
A,Corridor,148,18.34
A,Corridor,149,18.18
A,Corridor,150,17.64
A,Corridor,151,17.58
A,Corridor,152,16.39
A,Corridor,153,17.46
A,Corridor,154,15.89
A,Corridor,155,17.48
A,Corridor,156,17.07
A,Corridor,157,16.24
A,Corridor,158,17.42
A,Corridor,159,16.61
A,Corridor,160,19.35
A,Corridor,161,16.94
A,Corridor,162,14.52
A,Corridor,163,17.27
A,Corridor,164,18.18
A,Corridor,165,15.97
A,Corridor,166,17.67
A,Corridor,167,17.37
A,Corridor,168,17.26
A,Corridor,169,17.5
A,Corridor,170,17.97
A,Corridor,171,16.81
A,Corridor,172,17.19
A,Corridor,173,18.01
A,Corridor,174,18.89
A,Corridor,175,20.58
A,Corridor,176,15.94
A,Corridor,177,18.21
A,Corridor,178,17.11
A,Corridor,179,17.64
A,Corridor,180,17.8
A,Corridor,181,18.87
A,Corridor,182,16.28
A,Corridor,183,18.7
A,Corridor,184,17.75
A,Corridor,185,18.46
A,Corridor,186,17.26
A,Corridor,187,16.4
A,Corridor,188,16.34
A,Corridor,189,17.02
A,Corridor,190,18.53
A,Corridor,191,16.22
A,Corridor,192,14.6
A,Corridor,193,16.02
A,Corridor,194,16.92
A,Corridor,195,15.91
A,Corridor,196,20.45
A,Corridor,197,17
A,Corridor,198,16.68
A,Corridor,199,17.53
A,Corridor,200,14.18
A,Corridor,201,17.73
A,Corridor,202,18.26
A,Corridor,203,16.7
A,Corridor,204,17.89
A,Corridor,205,16.47
A,Corridor,206,16.69
A,Corridor,207,17.47
A,Corridor,208,18.17
A,Corridor,209,17.95
A,Corridor,210,16.58
A,Corridor,211,18.83
A,Corridor,212,16.22
A,Corridor,213,16.81
A,Corridor,214,18.06
A,Corridor,215,14.76
A,Corridor,216,18.74
A,Corridor,217,15.73
A,Corridor,218,18.5
A,Corridor,219,17.78
A,Corridor,220,15.89
A,Corridor,221,16.59
A,Corridor,222,17.87
A,Corridor,223,17.15
A,Corridor,224,17.99
A,Corridor,225,16.18
A,Corridor,226,15.28
A,Corridor,227,15.28
A,Corridor,228,15.83
A,Corridor,229,16.42
A,Corridor,230,15.02
A,Corridor,231,16.31
A,Corridor,232,17.13
A,Corridor,233,16.55
A,Corridor,234,18.34
A,Corridor,235,17.54
A,Corridor,236,17.23
A,Corridor,237,15.43
A,Corridor,238,14.52
A,Corridor,239,16.65
A,Corridor,240,15.93
A,Corridor,241,14.98
A,Corridor,242,18.82
A,Corridor,243,18.2
A,Corridor,244,15.93
A,Corridor,245,17.23
A,Corridor,246,16.68
A,Corridor,247,14.95
A,Corridor,248,16.25
A,Corridor,249,17.34
A,Corridor,250,16.53
A,Corridor,251,16.87
A,Corridor,252,17.6
A,Corridor,253,17.12
A,Corridor,254,17.64
A,Corridor,255,17.45
A,Corridor,256,14.95
A,Corridor,257,17.2
A,Corridor,258,17.57
A,Corridor,259,17.68
A,Corridor,260,16.31
A,Corridor,261,17.69
A,Corridor,262,15.05
A,Corridor,263,18.15
A,Corridor,264,18.64
A,Corridor,265,15.83
A,Corridor,266,16.83
A,Corridor,267,16.69
A,Corridor,268,17.84
A,Corridor,269,16.23
A,Corridor,270,18.01
A,Corridor,271,17.48
A,Corridor,272,18.07
A,Corridor,273,19.18
A,Corridor,274,18.36
A,Corridor,275,18.11
A,Corridor,276,15.88
A,Corridor,277,15.27
A,Corridor,278,16.96
A,Corridor,279,16.4
A,Corridor,280,15.88
A,Corridor,281,17.64
A,Corridor,282,17.4
A,Corridor,283,15.53
A,Corridor,284,18.32
A,Corridor,285,14.93
A,Corridor,286,16.9
A,Corridor,287,19.08
A,Corridor,288,16.79
A,Corridor,289,17.56
A,Corridor,290,17.43
A,Corridor,291,16.82
A,Corridor,292,16.3
A,Corridor,293,15.59
A,Corridor,294,17.11
A,Corridor,295,15.31
A,Corridor,296,17.06
A,Corridor,297,16.45
A,Corridor,298,18.35
A,Corridor,299,17.6
A,Corridor,300,16.25
A,Corridor,301,16.37
A,Corridor,302,15.42
A,Corridor,303,15.82
A,Corridor,304,17.19
A,Corridor,305,16.4
A,Corridor,306,17.56
A,Corridor,307,16.17
A,Corridor,308,17.22
A,Corridor,309,15.34
A,Corridor,310,16.3
A,Corridor,311,17.38
A,Corridor,312,15.57
A,Corridor,313,18.14
A,Corridor,314,16.26
A,Corridor,315,17.37
A,Corridor,316,15.51
A,Corridor,317,16.57
A,Corridor,318,17.2
A,Corridor,319,17.05
A,Corridor,320,16.86
A,Corridor,321,17.17
A,Corridor,322,16.59
A,Corridor,323,16.19
A,Corridor,324,15.84
A,Corridor,325,17.52
A,Corridor,326,15.51
A,Corridor,327,17.32
A,Corridor,328,15.89
A,Corridor,329,17.13
A,Corridor,330,17.71
A,Corridor,331,15.92
A,Corridor,332,18.14
A,Corridor,333,17.69
A,Corridor,334,15.54
A,Corridor,335,17.15
A,Corridor,336,16.3
A,Corridor,337,17.03
A,Corridor,338,17.02
A,Corridor,339,16.64
A,Corridor,340,17.26
A,Corridor,341,17.29
A,Corridor,342,16.98
A,Corridor,343,16.62
A,Corridor,344,18.8
A,Corridor,345,17.93
A,Corridor,346,16.03
A,Corridor,347,18.11
A,Corridor,348,17.35
A,Corridor,349,15.88
A,Corridor,350,16.12
A,Corridor,351,18.02
A,Corridor,352,16.06
A,Corridor,353,16.73
A,Corridor,354,19.7
A,Corridor,355,14.73
A,Corridor,356,16.88
A,Corridor,357,17.01
A,Corridor,358,18
A,Corridor,359,17.22
A,Corridor,360,16.43
A,Corridor,361,17.4
A,Corridor,362,17.35
A,Corridor,363,18.31
A,Corridor,364,15.37
A,Corridor,365,15.64
A,Corridor,366,16.51
A,Corridor,367,17.21
A,Corridor,368,17.12
A,Corridor,369,17.14
A,Corridor,370,18.73
A,Corridor,371,17.53
A,Corridor,372,16.5
A,Corridor,373,17.7
A,Corridor,374,16.68
A,Corridor,375,16.63
A,Corridor,376,16.21
A,Corridor,377,16.65
A,Corridor,378,16.42
A,Corridor,379,19.01
A,Corridor,380,16.49
A,Corridor,381,16.55
A,Corridor,382,18.07
A,Corridor,383,17.09
A,Corridor,384,16.34
A,Corridor,385,17.83
A,Corridor,386,18.51
A,Corridor,387,15.98
A,Corridor,388,17.08
A,Corridor,389,17.44
A,Corridor,390,16.07
A,Corridor,391,15.89
A,Corridor,392,15.06
A,Corridor,393,17.48
A,Corridor,394,16.42
A,Corridor,395,15.02
A,Corridor,396,18
A,Corridor,397,15.61
A,Corridor,398,16.56
A,Corridor,399,17.78
A,Corridor,400,20.7
A,Corridor,401,16.89
A,Corridor,402,16.49
A,Corridor,403,16.8
A,Corridor,404,16.18
A,Corridor,405,16.93
A,Corridor,406,16.98
A,Corridor,407,16.85
A,Corridor,408,16.17
A,Corridor,409,18.3
A,Corridor,410,16.94
A,Corridor,411,15.37
A,Corridor,412,16.2
A,Corridor,413,17.76
A,Corridor,414,15.68
A,Corridor,415,16.55
A,Corridor,416,17.47
A,Corridor,417,16.88
A,Corridor,418,18.87
A,Corridor,419,17.51
A,Corridor,420,17.71
A,Corridor,421,17.22
A,Corridor,422,16.1
A,Corridor,423,17.6
A,Corridor,424,17.85
A,Corridor,425,17.48
A,Corridor,426,17.63
A,Corridor,427,16.83
A,Corridor,428,17.57
A,Corridor,429,17.5
A,Corridor,430,16.43
A,Corridor,431,17.07
A,Corridor,432,17
A,Corridor,433,15.35
A,Corridor,434,15.3
A,Corridor,435,15.09
A,Corridor,436,16.25
A,Corridor,437,18.72
A,Corridor,438,15.55
A,Corridor,439,19.75
A,Corridor,440,17.45
A,Corridor,441,18
A,Corridor,442,16.31
A,Corridor,443,16.61
A,Corridor,444,17.3
A,Corridor,445,17.64
A,Corridor,446,16.95
A,Corridor,447,17.88
A,Corridor,448,16.74
A,Corridor,449,17
A,Corridor,450,17.95
A,Corridor,451,16.7
A,Corridor,452,16.12
A,Corridor,453,16.19
A,Corridor,454,19.39
A,Corridor,455,17.47
A,Corridor,456,18.59
A,Corridor,457,14.71
A,Corridor,458,17.38
A,Corridor,459,17.48
A,Corridor,460,17.92
A,Corridor,461,15.51
A,Corridor,462,17.23
A,Corridor,463,16.83
A,Corridor,464,17.03
A,Corridor,465,15.37
A,Corridor,466,17.23
A,Corridor,467,15.68
A,Corridor,468,18.28
A,Corridor,469,15.35
A,Corridor,470,16.45
A,Corridor,471,16.73
A,Corridor,472,15.45
A,Corridor,473,16.97
A,Corridor,474,15.96
A,Corridor,475,19.49
A,Corridor,476,16.7
A,Corridor,477,16.37
A,Corridor,478,15.83
A,Corridor,479,17.11
A,Corridor,480,15.99
A,Corridor,481,15.56
A,Corridor,482,16.29
A,Corridor,483,17.98
A,Corridor,484,17.43
A,Corridor,485,17.07
A,Corridor,486,16.13
A,Corridor,487,18.2
A,Corridor,488,17.2
A,Corridor,489,18.54
A,Corridor,490,15.93
A,Corridor,491,18.54
A,Corridor,492,16.63
A,Corridor,493,17.82
A,Corridor,494,18.14
A,Corridor,495,18.32
A,Corridor,496,18.03
A,Corridor,497,17.55
A,Corridor,498,17.06
A,Corridor,499,17.37
A,Corridor,500,17.49
A,Corridor,501,17.57
A,Corridor,502,17.4
A,Corridor,503,17.47
A,Corridor,504,17.8
A,Corridor,505,17.69
A,Corridor,506,16.17
A,Corridor,507,15.63
A,Corridor,508,18.73
A,Corridor,509,17.22
A,Corridor,510,17.81
A,Corridor,511,17.8
A,Corridor,512,17.26
A,Corridor,513,17.45
A,Corridor,514,17.65
A,Corridor,515,16.83
A,Corridor,516,16.81
A,Corridor,517,15.1
A,Corridor,518,17.56
A,Corridor,519,16.21
A,Corridor,520,16.83
A,Corridor,521,13.77
A,Corridor,522,15.85
A,Corridor,523,15.98
A,Corridor,524,17.81
A,Corridor,525,16.73
A,Corridor,526,18.29
A,Corridor,527,16.39
A,Corridor,528,17.66
A,Corridor,529,17
A,Corridor,530,16.79
A,Corridor,531,16.89
A,Corridor,532,18.5
A,Corridor,533,16.59
A,Corridor,534,16.58
A,Corridor,535,15.9
A,Corridor,536,16.71
A,Corridor,537,16.34
A,Corridor,538,16.8
A,Corridor,539,18.69
A,Corridor,540,16.87
A,Corridor,541,17.28
A,Corridor,542,17.38
A,Corridor,543,19.01
A,Corridor,544,16.48
A,Corridor,545,17.67
A,Corridor,546,16.66
A,Corridor,547,15.51
A,Corridor,548,15.47
A,Corridor,549,15.35
A,Corridor,550,15.71
A,Corridor,551,16.35
A,Corridor,552,18.77
A,Corridor,553,14.64
A,Corridor,554,17.26
A,Corridor,555,18.58
A,Corridor,556,17.29
A,Corridor,557,19.4
A,Corridor,558,15.96
A,Corridor,559,18.13
A,Corridor,560,16.72
A,Corridor,561,15.81
A,Corridor,562,16.88
A,Corridor,563,18.17
A,Corridor,564,16.3
A,Corridor,565,17.43
A,Corridor,566,16.74
A,Corridor,567,16.97
A,Corridor,568,16.58
A,Corridor,569,16.06
A,Corridor,570,18.81
A,Corridor,571,17.22
A,Corridor,572,18.51
A,Corridor,573,16.36
A,Corridor,574,16.99
A,Corridor,575,16.26
A,Corridor,576,16.12
A,Corridor,577,16.21
A,Corridor,578,15.46
A,Corridor,579,17.11
A,Corridor,580,17.28
A,Corridor,581,16.19
A,Corridor,582,18.06
A,Corridor,583,17.3
A,Corridor,584,16.1
A,Corridor,585,17.15
A,Corridor,586,17.43
A,Corridor,587,16.7
A,Corridor,588,16.31
A,Corridor,589,18.5
A,Corridor,590,14.82
A,Corridor,591,18.96
A,Corridor,592,17.32
A,Corridor,593,18.14
A,Corridor,594,15.61
A,Corridor,595,16.87
A,Corridor,596,17.11
A,Corridor,597,15.76
A,Corridor,598,16.58
A,Corridor,599,16.38
A,Corridor,600,15.91
A,Corridor,601,18.97
A,Corridor,602,16.48
A,Corridor,603,16.41
A,Corridor,604,15.45
A,Corridor,605,16.05
A,Corridor,606,18.3
A,Corridor,607,15.53
A,Corridor,608,16.71
A,Corridor,609,15.43
A,Corridor,610,17.9
A,Corridor,611,17.49
A,Corridor,612,18.7
A,Corridor,613,16.57
A,Corridor,614,17.87
A,Corridor,615,17.52
A,Corridor,616,16.09
A,Corridor,617,16.81
A,Corridor,618,15.83
A,Corridor,619,16.44
A,Corridor,620,16.36
A,Corridor,621,16.95
A,Corridor,622,15.32
A,Corridor,623,15.36
A,Corridor,624,16.53
A,Corridor,625,15.49
A,Corridor,626,16.57
A,Corridor,627,15.12
A,Corridor,628,15.01
A,Corridor,629,17.15
A,Corridor,630,18.02
A,Corridor,631,15.86
A,Corridor,632,18.2
A,Corridor,633,16.97
A,Corridor,634,15.85
A,Corridor,635,17.68
A,Corridor,636,16.9
A,Corridor,637,18.06
A,Corridor,638,16.29
A,Corridor,639,18.11
A,Corridor,640,15.2
A,Corridor,641,17.47
A,Corridor,642,18.81
A,Corridor,643,17.65
A,Corridor,644,16.7
A,Corridor,645,17.14
A,Corridor,646,18.02
A,Corridor,647,14.11
A,Corridor,648,16.2
A,Corridor,649,17.45
A,Corridor,650,17.22
A,Corridor,651,14.67
A,Corridor,652,17.11
A,Corridor,653,17.66
A,Corridor,654,15.9
A,Corridor,655,16.66
A,Corridor,656,17.46
A,Corridor,657,17.23
A,Corridor,658,17.78
A,Corridor,659,17.16
A,Corridor,660,14.66
A,Corridor,661,17.23
A,Corridor,662,18.21
A,Corridor,663,16.36
A,Corridor,664,15.86
A,Corridor,665,16.34
A,Corridor,666,14.83
A,Corridor,667,16.77
A,Corridor,668,18.24
A,Corridor,669,18.19
A,Corridor,670,17.5
A,Corridor,671,18.18
A,Corridor,672,15.06
A,Corridor,673,17.08
A,Corridor,674,18.28
A,Corridor,675,16.2
A,Corridor,676,18.07
A,Corridor,677,15.26
A,Corridor,678,16.75
A,Corridor,679,16.57
A,Corridor,680,17.15
A,Corridor,681,18.86
A,Corridor,682,16.14
A,Corridor,683,17.84
A,Corridor,684,15.38
A,Corridor,685,17.03
A,Corridor,686,17.18
A,Corridor,687,17.03
A,Corridor,688,18.08
A,Corridor,689,17.34
A,Corridor,690,17.43
A,Corridor,691,15.22
A,Corridor,692,17.44
A,Corridor,693,14.99
A,Corridor,694,16.62
A,Corridor,695,17.84
A,Corridor,696,17.88
A,Corridor,697,16.51
A,Corridor,698,16.11
A,Corridor,699,15.76
A,Corridor,700,16.71
A,Corridor,701,17.26
A,Corridor,702,18.11
A,Corridor,703,14.79
A,Corridor,704,16.16
A,Corridor,705,19.76
A,Corridor,706,17.74
A,Corridor,707,17.43
A,Corridor,708,17.7
A,Corridor,709,17.13
A,Corridor,710,15.79
A,Corridor,711,16.96
A,Corridor,712,17.9
A,Corridor,713,17.89
A,Corridor,714,14.13
A,Corridor,715,17.36
A,Corridor,716,15.67
A,Corridor,717,17.4
A,Corridor,718,16.62
A,Corridor,719,17.17
A,Corridor,720,16.97
A,Corridor,721,15.87
A,Corridor,722,15.98
A,Corridor,723,16.85
A,Corridor,724,17.28
A,Corridor,725,17.83
A,Corridor,726,15.79
A,Corridor,727,17.8
A,Corridor,728,15.82
A,Corridor,729,18.01
A,Corridor,730,16.15
A,Corridor,731,16.05
A,Corridor,732,17.09
A,Corridor,733,16.35
A,Corridor,734,17.6
A,Corridor,735,16.4
A,Corridor,736,15.25
A,Corridor,737,16.5
A,Corridor,738,15.15
A,Corridor,739,17.3
A,Corridor,740,16.23
A,Corridor,741,17.57
A,Corridor,742,15.74
A,Corridor,743,18.24
A,Corridor,744,17.02
A,Corridor,745,17.65
A,Corridor,746,17.68
A,Corridor,747,16.58
A,Corridor,748,17.1
A,Corridor,749,16.66
A,Corridor,750,17.28
A,Corridor,751,16.6
A,Corridor,752,17.67
A,Corridor,753,16.88
A,Corridor,754,16.12
A,Corridor,755,16.74
A,Corridor,756,18.33
A,Corridor,757,16.99
A,Corridor,758,15.6
A,Corridor,759,18.15
A,Corridor,760,17.94
A,Corridor,761,15.78
A,Corridor,762,18.62
A,Corridor,763,18.64
A,Corridor,764,15.56
A,Corridor,765,17.92
A,Corridor,766,18.37
A,Corridor,767,14.84
A,Corridor,768,18.66
A,Corridor,769,16.33
A,Corridor,770,16.52
A,Corridor,771,16.64
A,Corridor,772,18.51
A,Corridor,773,17.6
A,Corridor,774,16.49
A,Corridor,775,16.84
A,Corridor,776,17.56
A,Corridor,777,15.65
A,Corridor,778,17.32
A,Corridor,779,16.33
A,Corridor,780,19.48
A,Corridor,781,16.81
A,Corridor,782,17.87
A,Corridor,783,17.55
A,Corridor,784,15.31
A,Corridor,785,15.81
A,Corridor,786,16.92
A,Corridor,787,15.87
A,Corridor,788,17.69
A,Corridor,789,15.53
A,Corridor,790,17.71
A,Corridor,791,16.38
A,Corridor,792,15.89
A,Corridor,793,17.35
A,Corridor,794,16.93
A,Corridor,795,17.33
A,Corridor,796,16.38
A,Corridor,797,15.71
A,Corridor,798,14.05
A,Corridor,799,15.55
A,Corridor,800,16.16
A,Corridor,801,16.15
A,Corridor,802,15.19
A,Corridor,803,18.2
A,Corridor,804,16.91
A,Corridor,805,15.55
A,Corridor,806,16.3
A,Corridor,807,16.91
A,Corridor,808,19
A,Corridor,809,16.9
A,Corridor,810,16.43
A,Corridor,811,17.85
A,Corridor,812,17.51
A,Corridor,813,17.41
A,Corridor,814,16.47
A,Corridor,815,18.31
A,Corridor,816,15.03
A,Corridor,817,18.1
A,Corridor,818,16.74
A,Corridor,819,14.8
A,Corridor,820,17.42
A,Corridor,821,16.21
A,Corridor,822,18.35
A,Corridor,823,17.72
A,Corridor,824,18.08
A,Corridor,825,17.51
A,Corridor,826,18.62
A,Corridor,827,18.05
A,Corridor,828,16.14
A,Corridor,829,17.24
A,Corridor,830,17.9
A,Corridor,831,18.62
A,Corridor,832,17.54
A,Corridor,833,15.9
A,Corridor,834,16.48
A,Corridor,835,18.19
A,Corridor,836,16.62
A,Corridor,837,16.79
A,Corridor,838,15.97
A,Corridor,839,16.99
A,Corridor,840,16.36
A,Corridor,841,14.85
A,Corridor,842,18.76
A,Corridor,843,16.7
A,Corridor,844,16.73
A,Corridor,845,15.09
A,Corridor,846,16.5
A,Corridor,847,16.51
A,Corridor,848,18.27
A,Corridor,849,16.64
A,Corridor,850,16.04
A,Corridor,851,18.03
A,Corridor,852,17.49
A,Corridor,853,16.35
A,Corridor,854,19.7
A,Corridor,855,16.24
A,Corridor,856,16.05
A,Corridor,857,19.02
A,Corridor,858,17.3
A,Corridor,859,15.78
A,Corridor,860,17.22
A,Corridor,861,18.79
A,Corridor,862,16.24
A,Corridor,863,16.82
A,Corridor,864,18.42
A,Corridor,865,15.99
A,Corridor,866,15.89
A,Corridor,867,17.46
A,Corridor,868,18.65
A,Corridor,869,17.41
A,Corridor,870,18
A,Corridor,871,16.92
A,Corridor,872,16.74
A,Corridor,873,17.28
A,Corridor,874,17.19
A,Corridor,875,17.46
A,Corridor,876,18.59
A,Corridor,877,16.92
A,Corridor,878,16.73
A,Corridor,879,17.47
A,Corridor,880,17.45
A,Corridor,881,17.46
A,Corridor,882,18.24
A,Corridor,883,16.15
A,Corridor,884,16.34
A,Corridor,885,17.54
A,Corridor,886,15.39
A,Corridor,887,16.14
A,Corridor,888,17.31
A,Corridor,889,16.42
A,Corridor,890,17.91
A,Corridor,891,17.73
A,Corridor,892,16.23
A,Corridor,893,16.69
A,Corridor,894,16.77
A,Corridor,895,18
A,Corridor,896,17.23
A,Corridor,897,17.22
A,Corridor,898,17.72
A,Corridor,899,18.56
A,Corridor,900,17.19
A,Corridor,901,18.41
A,Corridor,902,16.7
A,Corridor,903,18.13
A,Corridor,904,15.53
A,Corridor,905,17.83
A,Corridor,906,16.38
A,Corridor,907,16.13
A,Corridor,908,17.55
A,Corridor,909,18.11
A,Corridor,910,17.06
A,Corridor,911,16.37
A,Corridor,912,18.29
A,Corridor,913,16.64
A,Corridor,914,16.48
A,Corridor,915,16.34
A,Corridor,916,18.13
A,Corridor,917,16.46
A,Corridor,918,17.49
A,Corridor,919,17.23
A,Corridor,920,17.15
A,Corridor,921,15.98
A,Corridor,922,16.72
A,Corridor,923,16.23
A,Corridor,924,16.52
A,Corridor,925,15.54
A,Corridor,926,16.86
A,Corridor,927,16.92
A,Corridor,928,17.14
A,Corridor,929,15.43
A,Corridor,930,16.28
A,Corridor,931,17.26
A,Corridor,932,17.84
A,Corridor,933,16.4
A,Corridor,934,16.11
A,Corridor,935,15.94
A,Corridor,936,16.39
A,Corridor,937,17.51
A,Corridor,938,15.83
A,Corridor,939,17.34
A,Corridor,940,18.3
A,Corridor,941,16.76
A,Corridor,942,17.26
A,Corridor,943,16.46
A,Corridor,944,16.38
A,Corridor,945,17.73
A,Corridor,946,16.37
A,Corridor,947,17.8
A,Corridor,948,17.25
A,Corridor,949,16.47
A,Corridor,950,16.32
A,Corridor,951,15.7
A,Corridor,952,18.25
A,Corridor,953,17.53
A,Corridor,954,16.52
A,Corridor,955,17.97
A,Corridor,956,18.12
A,Corridor,957,15.76
A,Corridor,958,19.4
A,Corridor,959,17.46
A,Corridor,960,15.95
A,Corridor,961,16.88
A,Corridor,962,16.71
A,Corridor,963,16.07
A,Corridor,964,17.14
A,Corridor,965,18.5
A,Corridor,966,18.58
A,Corridor,967,17.84
A,Corridor,968,18.17
A,Corridor,969,18.45
A,Corridor,970,18.57
A,Corridor,971,17.74
A,Corridor,972,16.59
A,Corridor,973,16.37
A,Corridor,974,17.56
A,Corridor,975,17.54
A,Corridor,976,17.16
A,Corridor,977,16.46
A,Corridor,978,16.83
A,Corridor,979,15.54
A,Corridor,980,15.9
A,Corridor,981,16.22
A,Corridor,982,17.42
A,Corridor,983,16.3
A,Corridor,984,17.94
A,Corridor,985,17.9
A,Corridor,986,16.82
A,Corridor,987,15.91
A,Corridor,988,18.47
A,Corridor,989,17.83
A,Corridor,990,17.37
A,Corridor,991,15.98
A,Corridor,992,15.7
A,Corridor,993,15.92
A,Corridor,994,16.6
A,Corridor,995,17.07
A,Corridor,996,16.7
A,Corridor,997,16.87
A,Corridor,998,17.12
A,Corridor,999,17.84
A,Corridor,1000,16.97
A,Corridor,1001,15.48
A,Corridor,1002,18.91
A,Corridor,1003,16.1
A,Corridor,1004,18.25
A,Corridor,1005,15.29
A,Corridor,1006,19.35
A,Corridor,1007,14.92
A,Corridor,1008,18.09
A,Corridor,1009,18.26
A,Corridor,1010,19.33
A,Corridor,1011,15.18
A,Corridor,1012,18.95
A,Corridor,1013,15.62
A,Corridor,1014,16.82
A,Corridor,1015,17.3
A,Corridor,1016,15.48
A,Corridor,1017,18.21
A,Corridor,1018,17.29
A,Corridor,1019,14.83
A,Corridor,1020,16.01
A,Corridor,1021,16.62
A,Corridor,1022,17.27
A,Corridor,1023,16.49
A,Corridor,1024,15.95
A,Corridor,1025,18.25
A,Corridor,1026,15.47
A,Corridor,1027,18.68
A,Corridor,1028,15.44
A,Corridor,1029,17.4
A,Corridor,1030,16.3
A,Corridor,1031,19.62
A,Corridor,1032,18.36
A,Corridor,1033,16.31
A,Corridor,1034,19
A,Corridor,1035,16.25
A,Corridor,1036,15.89
A,Corridor,1037,15.89
A,Corridor,1038,17.07
A,Corridor,1039,17.49
A,Corridor,1040,16.76
A,Corridor,1041,19.13
A,Corridor,1042,15.75
A,Corridor,1043,15.86
A,Corridor,1044,17.99
A,Corridor,1045,17.48
A,Corridor,1046,15.17
A,Corridor,1047,17.35
A,Corridor,1048,16.27
A,Corridor,1049,16.24
A,Corridor,1050,17.06
A,Corridor,1051,17.88
A,Corridor,1052,20.02
A,Corridor,1053,17.34
A,Corridor,1054,16.54
A,Corridor,1055,15.69
A,Corridor,1056,19.02
A,Corridor,1057,15.76
A,Corridor,1058,18.36
A,Corridor,1059,17.04
A,Corridor,1060,18.52
A,Corridor,1061,16.37
A,Corridor,1062,17.19
A,Corridor,1063,16.58
A,Corridor,1064,17.07
A,Corridor,1065,15.72
A,Corridor,1066,14.91
A,Corridor,1067,18.14
A,Corridor,1068,16.46
A,Corridor,1069,17.1
A,Corridor,1070,17.64
A,Corridor,1071,17.93
A,Corridor,1072,16.86
A,Corridor,1073,18.38
A,Corridor,1074,15.79
A,Corridor,1075,16.36
A,Corridor,1076,17.3
A,Corridor,1077,17.43
A,Corridor,1078,16.88
A,Corridor,1079,16.89
A,Corridor,1080,17.56
A,Corridor,1081,18.36
A,Corridor,1082,17.03
A,Corridor,1083,17.34
A,Corridor,1084,16.09
A,Corridor,1085,16.95
A,Corridor,1086,17.81
A,Corridor,1087,17.46
A,Corridor,1088,16
A,Corridor,1089,16.42
A,Corridor,1090,14.89
A,Corridor,1091,15.96
A,Corridor,1092,16.33
A,Corridor,1093,17.23
A,Corridor,1094,16.34
A,Corridor,1095,18.48
A,Corridor,1096,16.77
A,Corridor,1097,15.48
A,Corridor,1098,17.85
A,Corridor,1099,15.28
A,Corridor,1100,15.11
A,Corridor,1101,17.07
A,Corridor,1102,15.03
A,Corridor,1103,17.32
A,Corridor,1104,16.73
A,Corridor,1105,15.98
A,Corridor,1106,18.2
A,Corridor,1107,16.54
A,Corridor,1108,16.4
A,Corridor,1109,16.6
A,Corridor,1110,17.91
A,Corridor,1111,15.6
A,Corridor,1112,16.27
A,Corridor,1113,16.47
A,Corridor,1114,17.68
A,Corridor,1115,18.85
A,Corridor,1116,16.07
A,Corridor,1117,17.63
A,Corridor,1118,16.83
A,Corridor,1119,17.55
A,Corridor,1120,18.78
A,Corridor,1121,19.42
A,Corridor,1122,15.71
A,Corridor,1123,17.38
A,Corridor,1124,16.03
A,Corridor,1125,15.65
A,Corridor,1126,18.48
A,Corridor,1127,16.11
A,Corridor,1128,18.96
A,Corridor,1129,18.11
A,Corridor,1130,17.6
A,Corridor,1131,16.68
A,Corridor,1132,17.96
A,Corridor,1133,15.96
A,Corridor,1134,16.94
A,Corridor,1135,17.69
A,Corridor,1136,17.61
A,Corridor,1137,16.15
A,Corridor,1138,16.82
A,Corridor,1139,17.82
A,Corridor,1140,17.96
A,Corridor,1141,17.26
A,Corridor,1142,16.31
A,Corridor,1143,17.31
A,Corridor,1144,17.15
A,Corridor,1145,17.33
A,Corridor,1146,16.48
A,Corridor,1147,15.78
A,Corridor,1148,16.46
A,Corridor,1149,19.34
A,Corridor,1150,16.04
A,Corridor,1151,18.26
A,Corridor,1152,16.54
A,Corridor,1153,16.96
A,Corridor,1154,16.85
A,Corridor,1155,15.28
A,Corridor,1156,16.02
A,Corridor,1157,18.42
A,Corridor,1158,18.07
A,Corridor,1159,16.21
A,Corridor,1160,17.55
A,Corridor,1161,17.46
A,Corridor,1162,16.64
A,Corridor,1163,17.67
A,Corridor,1164,16.61
A,Corridor,1165,16.72
A,Corridor,1166,15.01
A,Corridor,1167,16.88
A,Corridor,1168,17.55
A,Corridor,1169,18.02
A,Corridor,1170,17.75
A,Corridor,1171,18.44
A,Corridor,1172,17.62
A,Corridor,1173,16.6
A,Corridor,1174,18.42
A,Corridor,1175,17.31
A,Corridor,1176,16.69
A,Corridor,1177,18.4
A,Corridor,1178,15.95
A,Corridor,1179,16.86
A,Corridor,1180,15.77
A,Corridor,1181,17.43
A,Corridor,1182,17.01
A,Corridor,1183,16.37
A,Corridor,1184,18.38
A,Corridor,1185,17.27
A,Corridor,1186,16.27
A,Corridor,1187,16.42
A,Corridor,1188,16.59
A,Corridor,1189,17.11
A,Corridor,1190,17.31
A,Corridor,1191,15.11
A,Corridor,1192,16.1
A,Corridor,1193,17.3
A,Corridor,1194,17.87
A,Corridor,1195,17.74
A,Corridor,1196,16.06
A,Corridor,1197,17.6
A,Corridor,1198,15.99
A,Corridor,1199,17.28
A,Corridor,1200,18.23
A,Corridor,1201,15.29
A,Corridor,1202,13.42
A,Corridor,1203,17.21
A,Corridor,1204,16.2
A,Corridor,1205,15.5
A,Corridor,1206,15.28
A,Corridor,1207,15.77
A,Corridor,1208,17.54
A,Corridor,1209,16.89
A,Corridor,1210,17.14
A,Corridor,1211,16.61
A,Corridor,1212,16.49
A,Corridor,1213,16.27
A,Corridor,1214,17.65
A,Corridor,1215,15.48
A,Corridor,1216,15.53
A,Corridor,1217,17.91
A,Corridor,1218,15.97
A,Corridor,1219,15.67
A,Corridor,1220,16.74
A,Corridor,1221,19.01
A,Corridor,1222,15.59
A,Corridor,1223,15.35
A,Corridor,1224,16.34
A,Corridor,1225,18.68
A,Corridor,1226,15.26
A,Corridor,1227,15.32
A,Corridor,1228,17.82
A,Corridor,1229,16.06
A,Corridor,1230,16.12
A,Corridor,1231,17.41
A,Corridor,1232,16.93
A,Corridor,1233,15.36
A,Corridor,1234,15.5
A,Corridor,1235,15.99
A,Corridor,1236,16.42
A,Corridor,1237,17.01
A,Corridor,1238,17.56
A,Corridor,1239,18.14
A,Corridor,1240,16.82
A,Corridor,1241,17.39
A,Corridor,1242,18.93
A,Corridor,1243,16.33
A,Corridor,1244,17.34
A,Corridor,1245,18.43
A,Corridor,1246,18.61
A,Corridor,1247,17.18
A,Corridor,1248,16.6
A,Corridor,1249,18.92
A,Corridor,1250,19.5
A,Corridor,1251,15.76
A,Corridor,1252,17.86
A,Corridor,1253,17.74
A,Corridor,1254,15.39
A,Corridor,1255,15.74
A,Corridor,1256,14.43
A,Corridor,1257,16.96
A,Corridor,1258,17.55
A,Corridor,1259,17.09
A,Corridor,1260,17.03
A,Corridor,1261,17.45
A,Corridor,1262,16.04
A,Corridor,1263,16.73
A,Corridor,1264,17.61
A,Corridor,1265,17.03
A,Corridor,1266,16.48
A,Corridor,1267,16.28
A,Corridor,1268,16.28
A,Corridor,1269,17.18
A,Corridor,1270,17.01
A,Corridor,1271,16.44
A,Corridor,1272,16.73
A,Corridor,1273,16.64
A,Corridor,1274,16.96
A,Corridor,1275,17.07
A,Corridor,1276,15.87
A,Corridor,1277,15.73
A,Corridor,1278,16.97
A,Corridor,1279,18.15
A,Corridor,1280,16.36
A,Corridor,1281,16.16
A,Corridor,1282,16.88
A,Corridor,1283,16.16
A,Corridor,1284,14.06
A,Corridor,1285,16.72
A,Corridor,1286,17.71
A,Corridor,1287,17.01
A,Corridor,1288,15.84
A,Corridor,1289,16.32
A,Corridor,1290,14.73
A,Corridor,1291,16.8
A,Corridor,1292,16.72
A,Corridor,1293,16.85
A,Corridor,1294,16.72
A,Corridor,1295,17.37
A,Corridor,1296,17.83
A,Corridor,1297,17.22
A,Corridor,1298,18.04
A,Corridor,1299,17.11
A,Corridor,1300,16.42
A,Corridor,1301,17.84
A,Corridor,1302,18.48
A,Corridor,1303,16.85
A,Corridor,1304,17.42
A,Corridor,1305,15.5
A,Corridor,1306,16.17
A,Corridor,1307,16.93
A,Corridor,1308,17.54
A,Corridor,1309,16.24
A,Corridor,1310,16.84
A,Corridor,1311,15.58
A,Corridor,1312,15.61
A,Corridor,1313,18.28
A,Corridor,1314,15.65
A,Corridor,1315,16.58
A,Corridor,1316,15.92
A,Corridor,1317,16.61
A,Corridor,1318,16.28
A,Corridor,1319,16.13
A,Corridor,1320,17.8
A,Corridor,1321,16.84
A,Corridor,1322,17.87
A,Corridor,1323,15.77
A,Corridor,1324,18.79
A,Corridor,1325,16.1
A,Corridor,1326,18.05
A,Corridor,1327,16.51
A,Corridor,1328,15.78
A,Corridor,1329,16.52
A,Corridor,1330,18.5
A,Corridor,1331,16.45
A,Corridor,1332,16.51
A,Corridor,1333,17.73
A,Corridor,1334,17.28
A,Corridor,1335,16.94
A,Corridor,1336,17.02
A,Corridor,1337,17.68
A,Corridor,1338,18.63
A,Corridor,1339,15.93
A,Corridor,1340,16.11
A,Corridor,1341,19.29
A,Corridor,1342,15.24
A,Corridor,1343,17.43
A,Corridor,1344,16.37
A,Corridor,1345,18.1
A,Corridor,1346,17.58
A,Corridor,1347,18.01
A,Corridor,1348,17.82
A,Corridor,1349,16.22
A,Corridor,1350,18.07
A,Corridor,1351,17.21
A,Corridor,1352,18.75
A,Corridor,1353,17.4
A,Corridor,1354,16.25
A,Corridor,1355,17.36
A,Corridor,1356,15.11
A,Corridor,1357,16.2
A,Corridor,1358,17.86
A,Corridor,1359,17.98
A,Corridor,1360,17.59
A,Corridor,1361,16.65
A,Corridor,1362,18.39
A,Corridor,1363,15.84
A,Corridor,1364,19.18
A,Corridor,1365,17.7
A,Corridor,1366,18.08
A,Corridor,1367,15.58
A,Corridor,1368,16.83
A,Corridor,1369,17.21
A,Corridor,1370,16.91
A,Corridor,1371,18.43
A,Corridor,1372,15.97
A,Corridor,1373,15.82
A,Corridor,1374,17.24
A,Corridor,1375,18.15
A,Corridor,1376,16.4
A,Corridor,1377,19
A,Corridor,1378,15.88
A,Corridor,1379,15.84
A,Corridor,1380,17.68
A,Corridor,1381,16.96
A,Corridor,1382,16.93
A,Corridor,1383,18.41
A,Corridor,1384,16.88
A,Corridor,1385,18.45
A,Corridor,1386,17.07
A,Corridor,1387,15.46
A,Corridor,1388,17.55
A,Corridor,1389,16.61
A,Corridor,1390,16.94
A,Corridor,1391,18
A,Corridor,1392,17.75
A,Corridor,1393,18.37
A,Corridor,1394,16.34
A,Corridor,1395,18.07
A,Corridor,1396,16.2
A,Corridor,1397,17.81
A,Corridor,1398,18.47
A,Corridor,1399,14.47
A,Corridor,1400,17.68
A,Corridor,1401,15.54
A,Corridor,1402,15.46
A,Corridor,1403,14.92
A,Corridor,1404,17.93
A,Corridor,1405,17.42
A,Corridor,1406,16.56
A,Corridor,1407,17.71
A,Corridor,1408,16.8
A,Corridor,1409,16.26
A,Corridor,1410,16.62
A,Corridor,1411,18.38
A,Corridor,1412,17.63
A,Corridor,1413,16.36
A,Corridor,1414,17.82
A,Corridor,1415,17.38
A,Corridor,1416,18.73
A,Corridor,1417,18.21
A,Corridor,1418,17.72
A,Corridor,1419,17.45
A,Corridor,1420,17.92
A,Corridor,1421,16.16
A,Corridor,1422,17.06
A,Corridor,1423,17.33
A,Corridor,1424,16.51
A,Corridor,1425,16.42
A,Corridor,1426,15.62
A,Corridor,1427,15.59
A,Corridor,1428,16.19
A,Corridor,1429,17.5
A,Corridor,1430,16.61
A,Corridor,1431,19.5
A,Corridor,1432,18.6
A,Corridor,1433,17.09
A,Corridor,1434,18.18
A,Corridor,1435,18.72
A,Corridor,1436,14.48
A,Corridor,1437,16.6
A,Corridor,1438,18.3
A,Corridor,1439,16.64
A,Corridor,1440,19.05
A,Corridor,1441,15.9
A,Corridor,1442,17.01
A,Corridor,1443,17.79
A,Corridor,1444,15
A,Corridor,1445,17.16
A,Corridor,1446,16.84
A,Corridor,1447,17.24
A,Corridor,1448,17.13
A,Corridor,1449,17.13
A,Corridor,1450,18.08
A,Corridor,1451,16.74
A,Corridor,1452,16.34
A,Corridor,1453,17.97
A,Corridor,1454,17.18
A,Corridor,1455,16.85
A,Corridor,1456,15.68
A,Corridor,1457,16.68
A,Corridor,1458,17.08
A,Corridor,1459,16.25
A,Corridor,1460,16.04
A,Corridor,1461,16.22
A,Corridor,1462,15.95
A,Corridor,1463,16.13
A,Corridor,1464,17.16
A,Corridor,1465,16.38
A,Corridor,1466,15.72
A,Corridor,1467,16.43
A,Corridor,1468,17.06
A,Corridor,1469,15.09
A,Corridor,1470,16.49
A,Corridor,1471,17.77
A,Corridor,1472,17.5
A,Corridor,1473,16.61
A,Corridor,1474,17.04
A,Corridor,1475,15.91
A,Corridor,1476,16.75
A,Corridor,1477,18.28
A,Corridor,1478,18.38
A,Corridor,1479,19.48
A,Corridor,1480,16.01
A,Corridor,1481,17.24
A,Corridor,1482,19.08
A,Corridor,1483,15.41
A,Corridor,1484,18.33
A,Corridor,1485,16.55
A,Corridor,1486,18.57
A,Corridor,1487,18.05
A,Corridor,1488,17.98
A,Corridor,1489,17.34
A,Corridor,1490,16.66
A,Corridor,1491,17.18
A,Corridor,1492,17.19
A,Corridor,1493,17.27
A,Corridor,1494,17.48
A,Corridor,1495,18.12
A,Corridor,1496,16.44
A,Corridor,1497,18.45
A,Corridor,1498,17.11
A,Corridor,1499,16.89
A,Corridor,1500,19.21
A,Gantry,1,17.31
A,Gantry,2,17.68
A,Gantry,3,15.93
A,Gantry,4,16.53
A,Gantry,5,16.65
A,Gantry,6,16.49
A,Gantry,7,17.57
A,Gantry,8,15.81
A,Gantry,9,18.07
A,Gantry,10,16.55
A,Gantry,11,17.06
A,Gantry,12,16.76
A,Gantry,13,17.1
A,Gantry,14,16.59
A,Gantry,15,17.67
A,Gantry,16,17.43
A,Gantry,17,17.83
A,Gantry,18,17.7
A,Gantry,19,16.48
A,Gantry,20,17.48
A,Gantry,21,17.29
A,Gantry,22,17.2
A,Gantry,23,19.63
A,Gantry,24,16.58
A,Gantry,25,16.85
A,Gantry,26,17.96
A,Gantry,27,17.59
A,Gantry,28,16.73
A,Gantry,29,17.29
A,Gantry,30,18.01
A,Gantry,31,18.05
A,Gantry,32,15.63
A,Gantry,33,19.02
A,Gantry,34,16.85
A,Gantry,35,18.03
A,Gantry,36,15.06
A,Gantry,37,17.5
A,Gantry,38,18.5
A,Gantry,39,17.56
A,Gantry,40,18.32
A,Gantry,41,16.51
A,Gantry,42,15.71
A,Gantry,43,17.87
A,Gantry,44,16.04
A,Gantry,45,16.87
A,Gantry,46,17.16
A,Gantry,47,17.17
A,Gantry,48,19.11
A,Gantry,49,16.82
A,Gantry,50,17.14
A,Gantry,51,19.45
A,Gantry,52,15.76
A,Gantry,53,17.06
A,Gantry,54,17.96
A,Gantry,55,16.81
A,Gantry,56,16.72
A,Gantry,57,16.27
A,Gantry,58,16.42
A,Gantry,59,16.2
A,Gantry,60,17.88
A,Gantry,61,19.38
A,Gantry,62,17.05
A,Gantry,63,16.52
A,Gantry,64,16.97
A,Gantry,65,16.64
A,Gantry,66,16.39
A,Gantry,67,17.14
A,Gantry,68,15.69
A,Gantry,69,17.52
A,Gantry,70,17.22
A,Gantry,71,16.69
A,Gantry,72,16.89
A,Gantry,73,17.33
A,Gantry,74,17.28
A,Gantry,75,16.38
A,Gantry,76,17.61
A,Gantry,77,17.39
A,Gantry,78,16.74
A,Gantry,79,19.17
A,Gantry,80,16.43
A,Gantry,81,17.92
A,Gantry,82,16
A,Gantry,83,17.08
A,Gantry,84,17.1
A,Gantry,85,18.26
A,Gantry,86,16.48
A,Gantry,87,16.49
A,Gantry,88,17.57
A,Gantry,89,17.61
A,Gantry,90,16.94
A,Gantry,91,17.28
A,Gantry,92,16.77
A,Gantry,93,16.54
A,Gantry,94,17.12
A,Gantry,95,17.14
A,Gantry,96,16.79
A,Gantry,97,17.13
A,Gantry,98,16.68
A,Gantry,99,15.42
A,Gantry,100,16.99
A,Gantry,101,15.75
A,Gantry,102,17.39
A,Gantry,103,17.02
A,Gantry,104,16.51
A,Gantry,105,18.12
A,Gantry,106,17.64
A,Gantry,107,18.08
A,Gantry,108,16.2
A,Gantry,109,14.56
A,Gantry,110,17.32
A,Gantry,111,17.41
A,Gantry,112,16.05
A,Gantry,113,17.2
A,Gantry,114,16.32
A,Gantry,115,17.64
A,Gantry,116,16.52
A,Gantry,117,16.85
A,Gantry,118,17.4
A,Gantry,119,17.53
A,Gantry,120,16.46
A,Gantry,121,16.24
A,Gantry,122,16.73
A,Gantry,123,16.92
A,Gantry,124,14.9
A,Gantry,125,16.59
A,Gantry,126,16.35
A,Gantry,127,16.27
A,Gantry,128,16.44
A,Gantry,129,18.83
A,Gantry,130,16.64
A,Gantry,131,16.94
A,Gantry,132,18.54
A,Gantry,133,15.48
A,Gantry,134,17.48
A,Gantry,135,17.8
A,Gantry,136,17.13
A,Gantry,137,16.64
A,Gantry,138,16.94
A,Gantry,139,18.44
A,Gantry,140,14.79
A,Gantry,141,17.26
A,Gantry,142,17.13
A,Gantry,143,18.16
A,Gantry,144,18.28
A,Gantry,145,18.17
A,Gantry,146,16.4
A,Gantry,147,19.24
A,Gantry,148,18.01
A,Gantry,149,17.81
A,Gantry,150,18.38
A,Gantry,151,16.89
A,Gantry,152,16.9
A,Gantry,153,15.46
A,Gantry,154,17.5
A,Gantry,155,18.17
A,Gantry,156,16.28
A,Gantry,157,16.17
A,Gantry,158,16.7
A,Gantry,159,17.59
A,Gantry,160,17.2
A,Gantry,161,17.86
A,Gantry,162,17.51
A,Gantry,163,16.53
A,Gantry,164,16.14
A,Gantry,165,18.4
A,Gantry,166,17.04
A,Gantry,167,15.71
A,Gantry,168,15.63
A,Gantry,169,16.13
A,Gantry,170,16.11
A,Gantry,171,17.7
A,Gantry,172,15.81
A,Gantry,173,17.13
A,Gantry,174,17.07
A,Gantry,175,18.66
A,Gantry,176,17.06
A,Gantry,177,18.6
A,Gantry,178,16.61
A,Gantry,179,16.82
A,Gantry,180,18.17
A,Gantry,181,18.01
A,Gantry,182,17.9
A,Gantry,183,17.76
A,Gantry,184,18.19
A,Gantry,185,18.36
A,Gantry,186,17.12
A,Gantry,187,18.01
A,Gantry,188,16.27
A,Gantry,189,18.39
A,Gantry,190,17.92
A,Gantry,191,16.9
A,Gantry,192,17.49
A,Gantry,193,16.14
A,Gantry,194,16.95
A,Gantry,195,15.71
A,Gantry,196,17.35
A,Gantry,197,17.61
A,Gantry,198,16.09
A,Gantry,199,18.08
A,Gantry,200,15.39
A,Gantry,201,16.74
A,Gantry,202,17.23
A,Gantry,203,18.38
A,Gantry,204,15.84
A,Gantry,205,15.58
A,Gantry,206,15.38
A,Gantry,207,17.7
A,Gantry,208,17.42
A,Gantry,209,16.11
A,Gantry,210,16.03
A,Gantry,211,18.86
A,Gantry,212,16.18
A,Gantry,213,16.06
A,Gantry,214,17.02
A,Gantry,215,16.73
A,Gantry,216,16.45
A,Gantry,217,18.07
A,Gantry,218,17.83
A,Gantry,219,17.32
A,Gantry,220,17.22
A,Gantry,221,15.54
A,Gantry,222,18.03
A,Gantry,223,15.86
A,Gantry,224,18.07
A,Gantry,225,17.46
A,Gantry,226,15.95
A,Gantry,227,15.07
A,Gantry,228,17.61
A,Gantry,229,17.08
A,Gantry,230,15.79
A,Gantry,231,18.86
A,Gantry,232,18.06
A,Gantry,233,17.12
A,Gantry,234,18.69
A,Gantry,235,17.94
A,Gantry,236,17.63
A,Gantry,237,16.93
A,Gantry,238,18.79
A,Gantry,239,17.19
A,Gantry,240,16.54
A,Gantry,241,17.71
A,Gantry,242,16.16
A,Gantry,243,19.33
A,Gantry,244,17.21
A,Gantry,245,16.56
A,Gantry,246,16.44
A,Gantry,247,16.81
A,Gantry,248,15.69
A,Gantry,249,16.57
A,Gantry,250,15.71
A,Gantry,251,18.19
A,Gantry,252,16.93
A,Gantry,253,16.36
A,Gantry,254,16.23
A,Gantry,255,18.09
A,Gantry,256,17.32
A,Gantry,257,16.69
A,Gantry,258,16.55
A,Gantry,259,17.56
A,Gantry,260,16.57
A,Gantry,261,18.52
A,Gantry,262,16.85
A,Gantry,263,16.38
A,Gantry,264,20.34
A,Gantry,265,17.81
A,Gantry,266,16.2
A,Gantry,267,17.67
A,Gantry,268,15.5
A,Gantry,269,17.74
A,Gantry,270,16.66
A,Gantry,271,18.12
A,Gantry,272,16.39
A,Gantry,273,17.63
A,Gantry,274,17.39
A,Gantry,275,16.72
A,Gantry,276,16.68
A,Gantry,277,16.51
A,Gantry,278,16.83
A,Gantry,279,17.38
A,Gantry,280,17.82
A,Gantry,281,18.34
A,Gantry,282,17.31
A,Gantry,283,17.35
A,Gantry,284,17.39
A,Gantry,285,16.99
A,Gantry,286,17.96
A,Gantry,287,18.12
A,Gantry,288,14.88
A,Gantry,289,16.38
A,Gantry,290,16.17
A,Gantry,291,18.01
A,Gantry,292,16.48
A,Gantry,293,14.94
A,Gantry,294,15.74
A,Gantry,295,16.81
A,Gantry,296,17.51
A,Gantry,297,17.93
A,Gantry,298,17.82
A,Gantry,299,16.9
A,Gantry,300,14.74
A,Gantry,301,16.8
A,Gantry,302,16.13
A,Gantry,303,17.99
A,Gantry,304,17.53
A,Gantry,305,16.59
A,Gantry,306,16.43
A,Gantry,307,16.11
A,Gantry,308,18.97
A,Gantry,309,17.27
A,Gantry,310,16.2
A,Gantry,311,16.99
A,Gantry,312,18.34
A,Gantry,313,16.93
A,Gantry,314,17.51
A,Gantry,315,17.31
A,Gantry,316,17.85
A,Gantry,317,16.06
A,Gantry,318,17.44
A,Gantry,319,16.72
A,Gantry,320,17.51
A,Gantry,321,17.67
A,Gantry,322,16.69
A,Gantry,323,16.63
A,Gantry,324,16.69
A,Gantry,325,17.02
A,Gantry,326,15.89
A,Gantry,327,16.37
A,Gantry,328,18.47
A,Gantry,329,17.42
A,Gantry,330,17.79
A,Gantry,331,16.22
A,Gantry,332,17.74
A,Gantry,333,17.4
A,Gantry,334,18.07
A,Gantry,335,16.63
A,Gantry,336,19.46
A,Gantry,337,16.35
A,Gantry,338,16.64
A,Gantry,339,17.78
A,Gantry,340,18.86
A,Gantry,341,17.24
A,Gantry,342,17.03
A,Gantry,343,17.03
A,Gantry,344,15.9
A,Gantry,345,15.42
A,Gantry,346,17.88
A,Gantry,347,15.7
A,Gantry,348,17.66
A,Gantry,349,17.53
A,Gantry,350,18.56
A,Gantry,351,19.36
A,Gantry,352,17.4
A,Gantry,353,17.33
A,Gantry,354,18.18
A,Gantry,355,16.01
A,Gantry,356,16.89
A,Gantry,357,18.57
A,Gantry,358,16.02
A,Gantry,359,15.43
A,Gantry,360,16.74
A,Gantry,361,17.47
A,Gantry,362,17.15
A,Gantry,363,17.94
A,Gantry,364,17.57
A,Gantry,365,18.26
A,Gantry,366,18.53
A,Gantry,367,16.5
A,Gantry,368,17.37
A,Gantry,369,16.84
A,Gantry,370,15.67
A,Gantry,371,17.05
A,Gantry,372,16.95
A,Gantry,373,18.32
A,Gantry,374,16.9
A,Gantry,375,18.76
A,Gantry,376,15.68
A,Gantry,377,14.16
A,Gantry,378,17.25
A,Gantry,379,18.1
A,Gantry,380,17.71
A,Gantry,381,15.6
A,Gantry,382,17.11
A,Gantry,383,15.99
A,Gantry,384,14.86
A,Gantry,385,17.09
A,Gantry,386,15.23
A,Gantry,387,16.17
A,Gantry,388,16.11
A,Gantry,389,17.86
A,Gantry,390,16.4
A,Gantry,391,16.88
A,Gantry,392,16.85
A,Gantry,393,15.3
A,Gantry,394,19.01
A,Gantry,395,15.78
A,Gantry,396,17.98
A,Gantry,397,17.49
A,Gantry,398,17.85
A,Gantry,399,16.01
A,Gantry,400,19.08
A,Gantry,401,17.34
A,Gantry,402,17.37
A,Gantry,403,16.86
A,Gantry,404,15.45
A,Gantry,405,16.35
A,Gantry,406,16.61
A,Gantry,407,17.89
A,Gantry,408,18.08
A,Gantry,409,16.85
A,Gantry,410,16.58
A,Gantry,411,18.11
A,Gantry,412,17.69
A,Gantry,413,17.01
A,Gantry,414,17.6
A,Gantry,415,17.95
A,Gantry,416,16.35
A,Gantry,417,18.3
A,Gantry,418,16.18
A,Gantry,419,17.25
A,Gantry,420,15.97
A,Gantry,421,16.36
A,Gantry,422,17.92
A,Gantry,423,17.84
A,Gantry,424,16.38
A,Gantry,425,16.02
A,Gantry,426,17.22
A,Gantry,427,16.76
A,Gantry,428,17.85
A,Gantry,429,16.24
A,Gantry,430,18.72
A,Gantry,431,17.54
A,Gantry,432,17.12
A,Gantry,433,18.7
A,Gantry,434,15.55
A,Gantry,435,18.32
A,Gantry,436,17.71
A,Gantry,437,16.47
A,Gantry,438,16.05
A,Gantry,439,16.98
A,Gantry,440,16.52
A,Gantry,441,17.74
A,Gantry,442,16.95
A,Gantry,443,16.32
A,Gantry,444,17.43
A,Gantry,445,17.56
A,Gantry,446,17.74
A,Gantry,447,18.16
A,Gantry,448,18.76
A,Gantry,449,16.68
A,Gantry,450,15.19
A,Gantry,451,16.66
A,Gantry,452,17.13
A,Gantry,453,17.18
A,Gantry,454,17.9
A,Gantry,455,17.41
A,Gantry,456,16
A,Gantry,457,16.92
A,Gantry,458,17.48
A,Gantry,459,17.55
A,Gantry,460,18.8
A,Gantry,461,15.87
A,Gantry,462,16.3
A,Gantry,463,17.52
A,Gantry,464,18.67
A,Gantry,465,17.44
A,Gantry,466,16.17
A,Gantry,467,16.49
A,Gantry,468,18.24
A,Gantry,469,16.51
A,Gantry,470,17.51
A,Gantry,471,16.62
A,Gantry,472,17.6
A,Gantry,473,16.6
A,Gantry,474,17.42
A,Gantry,475,17.12
A,Gantry,476,16.53
A,Gantry,477,16.48
A,Gantry,478,18.43
A,Gantry,479,15.47
A,Gantry,480,16.13
A,Gantry,481,18.62
A,Gantry,482,17.99
A,Gantry,483,15.95
A,Gantry,484,16.1
A,Gantry,485,15.52
A,Gantry,486,17.15
A,Gantry,487,19.85
A,Gantry,488,16.53
A,Gantry,489,17.47
A,Gantry,490,16.95
A,Gantry,491,16.49
A,Gantry,492,16.13
A,Gantry,493,16.73
A,Gantry,494,17.87
A,Gantry,495,17.73
A,Gantry,496,17.31
A,Gantry,497,15.76
A,Gantry,498,18.42
A,Gantry,499,17.68
A,Gantry,500,17.27
A,Gantry,501,17.86
A,Gantry,502,16.21
A,Gantry,503,16.86
A,Gantry,504,17.37
A,Gantry,505,16.9
A,Gantry,506,16.43
A,Gantry,507,18.5
A,Gantry,508,16.34
A,Gantry,509,16.68
A,Gantry,510,19.36
A,Gantry,511,17.92
A,Gantry,512,18.15
A,Gantry,513,18.05
A,Gantry,514,17.8
A,Gantry,515,16.66
A,Gantry,516,13.84
A,Gantry,517,17.06
A,Gantry,518,17.22
A,Gantry,519,17.91
A,Gantry,520,18.61
A,Gantry,521,16.56
A,Gantry,522,14.89
A,Gantry,523,18.4
A,Gantry,524,19.51
A,Gantry,525,16.14
A,Gantry,526,15.39
A,Gantry,527,18.1
A,Gantry,528,17.16
A,Gantry,529,19.14
A,Gantry,530,18
A,Gantry,531,17.89
A,Gantry,532,17.05
A,Gantry,533,17.39
A,Gantry,534,15.85
A,Gantry,535,16.07
A,Gantry,536,17.37
A,Gantry,537,16.9
A,Gantry,538,15.75
A,Gantry,539,17.87
A,Gantry,540,18.07
A,Gantry,541,17.63
A,Gantry,542,17.9
A,Gantry,543,17.84
A,Gantry,544,18.33
A,Gantry,545,17.33
A,Gantry,546,17.82
A,Gantry,547,16.87
A,Gantry,548,18.21
A,Gantry,549,16.33
A,Gantry,550,17.04
A,Gantry,551,16.7
A,Gantry,552,15.14
A,Gantry,553,15.82
A,Gantry,554,16.91
A,Gantry,555,16.31
A,Gantry,556,19.22
A,Gantry,557,15.68
A,Gantry,558,17.35
A,Gantry,559,17.53
A,Gantry,560,15.9
A,Gantry,561,16.84
A,Gantry,562,17.92
A,Gantry,563,16.55
A,Gantry,564,17.22
A,Gantry,565,17.26
A,Gantry,566,18.65
A,Gantry,567,17.88
A,Gantry,568,17.77
A,Gantry,569,14.64
A,Gantry,570,15.46
A,Gantry,571,17.55
A,Gantry,572,17.37
A,Gantry,573,17.43
A,Gantry,574,16.08
A,Gantry,575,16.45
A,Gantry,576,16.15
A,Gantry,577,16.16
A,Gantry,578,15.64
A,Gantry,579,16.23
A,Gantry,580,16.95
A,Gantry,581,16.3
A,Gantry,582,19.05
A,Gantry,583,17.08
A,Gantry,584,16.71
A,Gantry,585,17.47
A,Gantry,586,18.03
A,Gantry,587,16.8
A,Gantry,588,16.85
A,Gantry,589,17.34
A,Gantry,590,14.81
A,Gantry,591,14.03
A,Gantry,592,16.42
A,Gantry,593,15.08
A,Gantry,594,16.8
A,Gantry,595,15.03
A,Gantry,596,16.81
A,Gantry,597,17.53
A,Gantry,598,15.97
A,Gantry,599,16.29
A,Gantry,600,14.21
A,Gantry,601,16.56
A,Gantry,602,20.21
A,Gantry,603,16.06
A,Gantry,604,16.87
A,Gantry,605,17.86
A,Gantry,606,18.55
A,Gantry,607,17.37
A,Gantry,608,17.72
A,Gantry,609,17.15
A,Gantry,610,17.81
A,Gantry,611,16.16
A,Gantry,612,15.85
A,Gantry,613,17.36
A,Gantry,614,15.67
A,Gantry,615,17.55
A,Gantry,616,17.25
A,Gantry,617,16.67
A,Gantry,618,16.38
A,Gantry,619,17.55
A,Gantry,620,16.12
A,Gantry,621,16.42
A,Gantry,622,15.89
A,Gantry,623,17.09
A,Gantry,624,17.91
A,Gantry,625,17.3
A,Gantry,626,17.07
A,Gantry,627,16.88
A,Gantry,628,16
A,Gantry,629,16.99
A,Gantry,630,19.37
A,Gantry,631,15.68
A,Gantry,632,19.34
A,Gantry,633,17.85
A,Gantry,634,17.17
A,Gantry,635,14.5
A,Gantry,636,16.41
A,Gantry,637,16.17
A,Gantry,638,17.09
A,Gantry,639,17.67
A,Gantry,640,15.4
A,Gantry,641,17.28
A,Gantry,642,18.49
A,Gantry,643,16.77
A,Gantry,644,15.44
A,Gantry,645,17.4
A,Gantry,646,17.89
A,Gantry,647,18.22
A,Gantry,648,16.38
A,Gantry,649,14.83
A,Gantry,650,17.44
A,Gantry,651,15.01
A,Gantry,652,16.07
A,Gantry,653,17.89
A,Gantry,654,17.18
A,Gantry,655,16.33
A,Gantry,656,14.89
A,Gantry,657,17.72
A,Gantry,658,16.33
A,Gantry,659,17.42
A,Gantry,660,15.99
A,Gantry,661,16.49
A,Gantry,662,15.01
A,Gantry,663,17.26
A,Gantry,664,17.99
A,Gantry,665,16.32
A,Gantry,666,17.05
A,Gantry,667,17.56
A,Gantry,668,16.97
A,Gantry,669,16.94
A,Gantry,670,15.91
A,Gantry,671,16.19
A,Gantry,672,16.34
A,Gantry,673,16.07
A,Gantry,674,16.96
A,Gantry,675,15.01
A,Gantry,676,16.36
A,Gantry,677,14.66
A,Gantry,678,16.38
A,Gantry,679,17.43
A,Gantry,680,15.74
A,Gantry,681,16.91
A,Gantry,682,16.4
A,Gantry,683,17.64
A,Gantry,684,16.98
A,Gantry,685,16.45
A,Gantry,686,16.86
A,Gantry,687,16.95
A,Gantry,688,18.58
A,Gantry,689,16.77
A,Gantry,690,15.94
A,Gantry,691,17.37
A,Gantry,692,16.07
A,Gantry,693,16.8
A,Gantry,694,16.18
A,Gantry,695,18.25
A,Gantry,696,14.92
A,Gantry,697,16.88
A,Gantry,698,15.86
A,Gantry,699,17.93
A,Gantry,700,16.72
A,Gantry,701,16.83
A,Gantry,702,17.5
A,Gantry,703,17.55
A,Gantry,704,16.23
A,Gantry,705,17.23
A,Gantry,706,17.58
A,Gantry,707,15.87
A,Gantry,708,17.56
A,Gantry,709,14.3
A,Gantry,710,16.63
A,Gantry,711,15.24
A,Gantry,712,16.62
A,Gantry,713,15.74
A,Gantry,714,17.91
A,Gantry,715,17.52
A,Gantry,716,16.33
A,Gantry,717,16.59
A,Gantry,718,17.59
A,Gantry,719,16.76
A,Gantry,720,17.27
A,Gantry,721,16.48
A,Gantry,722,17.65
A,Gantry,723,17.43
A,Gantry,724,17.31
A,Gantry,725,17.89
A,Gantry,726,15.77
A,Gantry,727,17.12
A,Gantry,728,18.22
A,Gantry,729,17.85
A,Gantry,730,17.05
A,Gantry,731,15.61
A,Gantry,732,17.31
A,Gantry,733,16.24
A,Gantry,734,17.66
A,Gantry,735,16.38
A,Gantry,736,17.39
A,Gantry,737,17.19
A,Gantry,738,15.62
A,Gantry,739,17.76
A,Gantry,740,17.22
A,Gantry,741,15.56
A,Gantry,742,17.53
A,Gantry,743,18.62
A,Gantry,744,16.59
A,Gantry,745,16.8
A,Gantry,746,15.29
A,Gantry,747,15.45
A,Gantry,748,17.64
A,Gantry,749,15.21
A,Gantry,750,16.68
A,Gantry,751,17.37
A,Gantry,752,17.89
A,Gantry,753,16.79
A,Gantry,754,16.5
A,Gantry,755,17.49
A,Gantry,756,18.14
A,Gantry,757,17.5
A,Gantry,758,15.82
A,Gantry,759,16.44
A,Gantry,760,17.36
A,Gantry,761,16.83
A,Gantry,762,17.52
A,Gantry,763,16.63
A,Gantry,764,17.26
A,Gantry,765,14.77
A,Gantry,766,17.24
A,Gantry,767,18.6
A,Gantry,768,16.7
A,Gantry,769,16.78
A,Gantry,770,18.2
A,Gantry,771,16.61
A,Gantry,772,16.11
A,Gantry,773,17.8
A,Gantry,774,16.96
A,Gantry,775,16.37
A,Gantry,776,18.26
A,Gantry,777,15.94
A,Gantry,778,15.85
A,Gantry,779,17.22
A,Gantry,780,16.38
A,Gantry,781,19.48
A,Gantry,782,16.73
A,Gantry,783,17.11
A,Gantry,784,17.54
A,Gantry,785,16.83
A,Gantry,786,17.09
A,Gantry,787,17.46
A,Gantry,788,16.36
A,Gantry,789,17.62
A,Gantry,790,17.52
A,Gantry,791,17.62
A,Gantry,792,16.57
A,Gantry,793,17.12
A,Gantry,794,17.66
A,Gantry,795,17.36
A,Gantry,796,15.83
A,Gantry,797,15.58
A,Gantry,798,18.17
A,Gantry,799,15.61
A,Gantry,800,16.13
A,Gantry,801,19.71
A,Gantry,802,17.33
A,Gantry,803,16.45
A,Gantry,804,16.68
A,Gantry,805,16.53
A,Gantry,806,16.74
A,Gantry,807,15.79
A,Gantry,808,17.37
A,Gantry,809,18.84
A,Gantry,810,16.21
A,Gantry,811,17.67
A,Gantry,812,16.25
A,Gantry,813,15.87
A,Gantry,814,16.12
A,Gantry,815,15.2
A,Gantry,816,16.34
A,Gantry,817,18.8
A,Gantry,818,16.32
A,Gantry,819,17.31
A,Gantry,820,17.97
A,Gantry,821,17.1
A,Gantry,822,16.27
A,Gantry,823,17.96
A,Gantry,824,17.63
A,Gantry,825,15.53
A,Gantry,826,20.17
A,Gantry,827,16.29
A,Gantry,828,17.05
A,Gantry,829,14.91
A,Gantry,830,16.32
A,Gantry,831,17.4
A,Gantry,832,16.71
A,Gantry,833,16.76
A,Gantry,834,16.29
A,Gantry,835,17.32
A,Gantry,836,17.22
A,Gantry,837,18.69
A,Gantry,838,17.59
A,Gantry,839,17.05
A,Gantry,840,18.57
A,Gantry,841,16.88
A,Gantry,842,17.54
A,Gantry,843,17.69
A,Gantry,844,17.07
A,Gantry,845,15.39
A,Gantry,846,17.45
A,Gantry,847,17.37
A,Gantry,848,18.18
A,Gantry,849,18.15
A,Gantry,850,17.52
A,Gantry,851,17.44
A,Gantry,852,17.75
A,Gantry,853,17.02
A,Gantry,854,16.71
A,Gantry,855,16.72
A,Gantry,856,18.35
A,Gantry,857,15.68
A,Gantry,858,16.72
A,Gantry,859,15.67
A,Gantry,860,18.47
A,Gantry,861,17.1
A,Gantry,862,17.14
A,Gantry,863,17.87
A,Gantry,864,14.44
A,Gantry,865,16.65
A,Gantry,866,17.69
A,Gantry,867,17.41
A,Gantry,868,17.96
A,Gantry,869,16.83
A,Gantry,870,18.38
A,Gantry,871,16.46
A,Gantry,872,17.85
A,Gantry,873,16.63
A,Gantry,874,17.48
A,Gantry,875,16.34
A,Gantry,876,17.09
A,Gantry,877,17.04
A,Gantry,878,15.75
A,Gantry,879,17.81
A,Gantry,880,15.84
A,Gantry,881,16.67
A,Gantry,882,16.8
A,Gantry,883,15.62
A,Gantry,884,14.89
A,Gantry,885,17.14
A,Gantry,886,15.54
A,Gantry,887,17.94
A,Gantry,888,15.2
A,Gantry,889,15.95
A,Gantry,890,18.84
A,Gantry,891,18.42
A,Gantry,892,17.16
A,Gantry,893,18.22
A,Gantry,894,15.04
A,Gantry,895,17.21
A,Gantry,896,14.95
A,Gantry,897,15.07
A,Gantry,898,16.53
A,Gantry,899,16.9
A,Gantry,900,17.06
A,Gantry,901,16.75
A,Gantry,902,16.99
A,Gantry,903,16.61
A,Gantry,904,19
A,Gantry,905,16.25
A,Gantry,906,15.73
A,Gantry,907,16.58
A,Gantry,908,18.37
A,Gantry,909,15.3
A,Gantry,910,17.25
A,Gantry,911,18.14
A,Gantry,912,14.6
A,Gantry,913,17.06
A,Gantry,914,15.15
A,Gantry,915,19.83
A,Gantry,916,16.81
A,Gantry,917,16.75
A,Gantry,918,17.04
A,Gantry,919,17.84
A,Gantry,920,16.84
A,Gantry,921,15.45
A,Gantry,922,17.87
A,Gantry,923,18.85
A,Gantry,924,15.89
A,Gantry,925,17.29
A,Gantry,926,15.47
A,Gantry,927,17.15
A,Gantry,928,15.89
A,Gantry,929,17.35
A,Gantry,930,18.02
A,Gantry,931,18.18
A,Gantry,932,17.82
A,Gantry,933,16.68
A,Gantry,934,18.04
A,Gantry,935,16.33
A,Gantry,936,15.28
A,Gantry,937,17.99
A,Gantry,938,16.74
A,Gantry,939,16.6
A,Gantry,940,17
A,Gantry,941,17
A,Gantry,942,17.89
A,Gantry,943,16.65
A,Gantry,944,14.87
A,Gantry,945,16.72
A,Gantry,946,16.65
A,Gantry,947,14.68
A,Gantry,948,19.94
A,Gantry,949,17.04
A,Gantry,950,17.26
A,Gantry,951,17.65
A,Gantry,952,16.14
A,Gantry,953,17.17
A,Gantry,954,16.29
A,Gantry,955,17.51
A,Gantry,956,18.48
A,Gantry,957,16.77
A,Gantry,958,17.97
A,Gantry,959,16.77
A,Gantry,960,16.63
A,Gantry,961,19.01
A,Gantry,962,19.99
A,Gantry,963,16.08
A,Gantry,964,18.73
A,Gantry,965,18.85
A,Gantry,966,17.23
A,Gantry,967,17.28
A,Gantry,968,16.27
A,Gantry,969,15.52
A,Gantry,970,15.74
A,Gantry,971,16.51
A,Gantry,972,16.56
A,Gantry,973,18.81
A,Gantry,974,14.83
A,Gantry,975,16.09
A,Gantry,976,18.09
A,Gantry,977,18.73
A,Gantry,978,16.12
A,Gantry,979,17.18
A,Gantry,980,17.17
A,Gantry,981,17.46
A,Gantry,982,16.59
A,Gantry,983,16.08
A,Gantry,984,17.52
A,Gantry,985,16.78
A,Gantry,986,16.75
A,Gantry,987,16.79
A,Gantry,988,18.04
A,Gantry,989,17.8
A,Gantry,990,15.8
A,Gantry,991,17.26
A,Gantry,992,14.93
A,Gantry,993,19.24
A,Gantry,994,16.29
A,Gantry,995,17.24
A,Gantry,996,18.44
A,Gantry,997,17.68
A,Gantry,998,16.56
A,Gantry,999,16.9
A,Gantry,1000,17.77
A,Gantry,1001,16.15
A,Gantry,1002,15.07
A,Gantry,1003,17.17
A,Gantry,1004,18.25
A,Gantry,1005,16.66
A,Gantry,1006,18.66
A,Gantry,1007,17.51
A,Gantry,1008,15.25
A,Gantry,1009,17.68
A,Gantry,1010,18.65
A,Gantry,1011,17.16
A,Gantry,1012,18.89
A,Gantry,1013,17.11
A,Gantry,1014,16.88
A,Gantry,1015,17.5
A,Gantry,1016,16.34
A,Gantry,1017,18.84
A,Gantry,1018,16.58
A,Gantry,1019,15.99
A,Gantry,1020,16.84
A,Gantry,1021,15.31
A,Gantry,1022,16.06
A,Gantry,1023,18.76
A,Gantry,1024,14.79
A,Gantry,1025,18.29
A,Gantry,1026,16.33
A,Gantry,1027,17.28
A,Gantry,1028,15.43
A,Gantry,1029,19.05
A,Gantry,1030,18.84
A,Gantry,1031,17.58
A,Gantry,1032,16.28
A,Gantry,1033,16.08
A,Gantry,1034,15.78
A,Gantry,1035,18.21
A,Gantry,1036,15.67
A,Gantry,1037,16
A,Gantry,1038,17.8
A,Gantry,1039,16.62
A,Gantry,1040,17.79
A,Gantry,1041,15.54
A,Gantry,1042,19
A,Gantry,1043,18.26
A,Gantry,1044,16.67
A,Gantry,1045,16.41
A,Gantry,1046,17.05
A,Gantry,1047,14.7
A,Gantry,1048,17.5
A,Gantry,1049,16.33
A,Gantry,1050,18.9
A,Gantry,1051,15.71
A,Gantry,1052,17.96
A,Gantry,1053,14.61
A,Gantry,1054,17.81
A,Gantry,1055,16.58
A,Gantry,1056,19.54
A,Gantry,1057,17.72
A,Gantry,1058,16.63
A,Gantry,1059,16.71
A,Gantry,1060,18.36
A,Gantry,1061,18.18
A,Gantry,1062,16.71
A,Gantry,1063,16.7
A,Gantry,1064,17.42
A,Gantry,1065,16.62
A,Gantry,1066,15.64
A,Gantry,1067,18.42
A,Gantry,1068,17.22
A,Gantry,1069,19.31
A,Gantry,1070,15.81
A,Gantry,1071,18.32
A,Gantry,1072,16.11
A,Gantry,1073,16.06
A,Gantry,1074,16.49
A,Gantry,1075,18.21
A,Gantry,1076,15.84
A,Gantry,1077,16.59
A,Gantry,1078,15.73
A,Gantry,1079,18.96
A,Gantry,1080,16.04
A,Gantry,1081,15.23
A,Gantry,1082,16.45
A,Gantry,1083,16.19
A,Gantry,1084,18.63
A,Gantry,1085,16.34
A,Gantry,1086,17.15
A,Gantry,1087,15.5
A,Gantry,1088,16.38
A,Gantry,1089,17.12
A,Gantry,1090,18.51
A,Gantry,1091,16.99
A,Gantry,1092,17.08
A,Gantry,1093,18.59
A,Gantry,1094,16.89
A,Gantry,1095,17.04
A,Gantry,1096,16.95
A,Gantry,1097,17.83
A,Gantry,1098,17.21
A,Gantry,1099,16.42
A,Gantry,1100,17.58
A,Gantry,1101,16.56
A,Gantry,1102,17.38
A,Gantry,1103,16.95
A,Gantry,1104,18.03
A,Gantry,1105,18.86
A,Gantry,1106,17.79
A,Gantry,1107,16.82
A,Gantry,1108,16.11
A,Gantry,1109,16.62
A,Gantry,1110,17.2
A,Gantry,1111,17.21
A,Gantry,1112,17.13
A,Gantry,1113,14.56
A,Gantry,1114,17.32
A,Gantry,1115,19.18
A,Gantry,1116,15.43
A,Gantry,1117,16.56
A,Gantry,1118,18.52
A,Gantry,1119,18.86
A,Gantry,1120,15.72
A,Gantry,1121,16.74
A,Gantry,1122,17.82
A,Gantry,1123,15.81
A,Gantry,1124,17.8
A,Gantry,1125,17.21
A,Gantry,1126,17.81
A,Gantry,1127,15.28
A,Gantry,1128,17.55
A,Gantry,1129,16.77
A,Gantry,1130,17.07
A,Gantry,1131,16.83
A,Gantry,1132,17.48
A,Gantry,1133,17.96
A,Gantry,1134,17.84
A,Gantry,1135,17.82
A,Gantry,1136,16.91
A,Gantry,1137,16.29
A,Gantry,1138,17.27
A,Gantry,1139,18.01
A,Gantry,1140,17.93
A,Gantry,1141,18.78
A,Gantry,1142,19.04
A,Gantry,1143,16.48
A,Gantry,1144,18.17
A,Gantry,1145,17.15
A,Gantry,1146,15.32
A,Gantry,1147,16.5
A,Gantry,1148,16.06
A,Gantry,1149,18.22
A,Gantry,1150,16.75
A,Gantry,1151,16.69
A,Gantry,1152,17.56
A,Gantry,1153,14.61
A,Gantry,1154,17.25
A,Gantry,1155,16.81
A,Gantry,1156,18.27
A,Gantry,1157,15.74
A,Gantry,1158,16.36
A,Gantry,1159,19.07
A,Gantry,1160,16.1
A,Gantry,1161,17.44
A,Gantry,1162,17.04
A,Gantry,1163,17.22
A,Gantry,1164,16.64
A,Gantry,1165,15.59
A,Gantry,1166,17.37
A,Gantry,1167,17.12
A,Gantry,1168,17.34
A,Gantry,1169,19.48
A,Gantry,1170,17.04
A,Gantry,1171,18.1
A,Gantry,1172,16.04
A,Gantry,1173,18.34
A,Gantry,1174,16.65
A,Gantry,1175,18.33
A,Gantry,1176,16.87
A,Gantry,1177,16.46
A,Gantry,1178,19.17
A,Gantry,1179,17.32
A,Gantry,1180,15.62
A,Gantry,1181,17.41
A,Gantry,1182,17.81
A,Gantry,1183,15.54
A,Gantry,1184,17.21
A,Gantry,1185,16.87
A,Gantry,1186,17.72
A,Gantry,1187,17.62
A,Gantry,1188,18.31
A,Gantry,1189,17
A,Gantry,1190,15.96
A,Gantry,1191,15.52
A,Gantry,1192,17.79
A,Gantry,1193,16.12
A,Gantry,1194,19.36
A,Gantry,1195,16.88
A,Gantry,1196,18.48
A,Gantry,1197,17.1
A,Gantry,1198,16.23
A,Gantry,1199,16.12
A,Gantry,1200,17
A,Gantry,1201,17.24
A,Gantry,1202,16.49
A,Gantry,1203,17.08
A,Gantry,1204,17.63
A,Gantry,1205,15.63
A,Gantry,1206,17.68
A,Gantry,1207,15.78
A,Gantry,1208,18.54
A,Gantry,1209,16.94
A,Gantry,1210,16.27
A,Gantry,1211,17.43
A,Gantry,1212,18.33
A,Gantry,1213,18.42
A,Gantry,1214,17.62
A,Gantry,1215,15.71
A,Gantry,1216,16.36
A,Gantry,1217,17.91
A,Gantry,1218,16.88
A,Gantry,1219,15.1
A,Gantry,1220,14.36
A,Gantry,1221,17.5
A,Gantry,1222,17.17
A,Gantry,1223,16.73
A,Gantry,1224,19.05
A,Gantry,1225,17.56
A,Gantry,1226,17.89
A,Gantry,1227,16.14
A,Gantry,1228,19.02
A,Gantry,1229,16.24
A,Gantry,1230,15.63
A,Gantry,1231,16.93
A,Gantry,1232,15.65
A,Gantry,1233,17.06
A,Gantry,1234,18.07
A,Gantry,1235,16.78
A,Gantry,1236,14.62
A,Gantry,1237,16.56
A,Gantry,1238,15.68
A,Gantry,1239,17.62
A,Gantry,1240,17.74
A,Gantry,1241,18.26
A,Gantry,1242,17.15
A,Gantry,1243,16.63
A,Gantry,1244,17.65
A,Gantry,1245,17.53
A,Gantry,1246,19.21
A,Gantry,1247,17.24
A,Gantry,1248,16.68
A,Gantry,1249,17.75
A,Gantry,1250,17.25
A,Gantry,1251,17.09
A,Gantry,1252,14.39
A,Gantry,1253,15.89
A,Gantry,1254,16.74
A,Gantry,1255,17.14
A,Gantry,1256,16.46
A,Gantry,1257,16.17
A,Gantry,1258,16.92
A,Gantry,1259,18.14
A,Gantry,1260,16.75
A,Gantry,1261,17.3
A,Gantry,1262,16.76
A,Gantry,1263,18.84
A,Gantry,1264,16.4
A,Gantry,1265,17.41
A,Gantry,1266,17.65
A,Gantry,1267,16.86
A,Gantry,1268,16.03
A,Gantry,1269,16.78
A,Gantry,1270,17.5
A,Gantry,1271,16.38
A,Gantry,1272,15.49
A,Gantry,1273,17.2
A,Gantry,1274,17.02
A,Gantry,1275,16.29
A,Gantry,1276,16.97
A,Gantry,1277,16.9
A,Gantry,1278,17.27
A,Gantry,1279,16.46
A,Gantry,1280,17.78
A,Gantry,1281,16.49
A,Gantry,1282,18.86
A,Gantry,1283,17.56
A,Gantry,1284,14.94
A,Gantry,1285,17.68
A,Gantry,1286,19.25
A,Gantry,1287,15.4
A,Gantry,1288,17.29
A,Gantry,1289,17.88
A,Gantry,1290,15.5
A,Gantry,1291,17.76
A,Gantry,1292,17.37
A,Gantry,1293,16.44
A,Gantry,1294,16.3
A,Gantry,1295,14.41
A,Gantry,1296,17.97
A,Gantry,1297,15.79
A,Gantry,1298,16.4
A,Gantry,1299,16.72
A,Gantry,1300,17.64
A,Gantry,1301,16.25
A,Gantry,1302,18.28
A,Gantry,1303,17.04
A,Gantry,1304,16.78
A,Gantry,1305,16.48
A,Gantry,1306,17
A,Gantry,1307,17.8
A,Gantry,1308,18.8
A,Gantry,1309,17.59
A,Gantry,1310,17.16
A,Gantry,1311,18.32
A,Gantry,1312,16.28
A,Gantry,1313,17.39
A,Gantry,1314,17.31
A,Gantry,1315,18.84
A,Gantry,1316,17.65
A,Gantry,1317,14.68
A,Gantry,1318,16.66
A,Gantry,1319,15.21
A,Gantry,1320,16.61
A,Gantry,1321,17.84
A,Gantry,1322,16.27
A,Gantry,1323,16.22
A,Gantry,1324,15.91
A,Gantry,1325,15.49
A,Gantry,1326,17.59
A,Gantry,1327,17.32
A,Gantry,1328,18.25
A,Gantry,1329,18.22
A,Gantry,1330,15.91
A,Gantry,1331,17.55
A,Gantry,1332,16.51
A,Gantry,1333,17.21
A,Gantry,1334,17.97
A,Gantry,1335,16.8
A,Gantry,1336,14.75
A,Gantry,1337,17.43
A,Gantry,1338,18.08
A,Gantry,1339,17.41
A,Gantry,1340,18.75
A,Gantry,1341,18.61
A,Gantry,1342,15.39
A,Gantry,1343,19.45
A,Gantry,1344,17.2
A,Gantry,1345,17.5
A,Gantry,1346,16.57
A,Gantry,1347,16.03
A,Gantry,1348,16.54
A,Gantry,1349,16.49
A,Gantry,1350,15.68
A,Gantry,1351,17.06
A,Gantry,1352,16.82
A,Gantry,1353,17.28
A,Gantry,1354,17.15
A,Gantry,1355,16.68
A,Gantry,1356,17.01
A,Gantry,1357,16.65
A,Gantry,1358,18.07
A,Gantry,1359,17.89
A,Gantry,1360,15.69
A,Gantry,1361,16.13
A,Gantry,1362,17.83
A,Gantry,1363,16.92
A,Gantry,1364,16.23
A,Gantry,1365,18.25
A,Gantry,1366,17.43
A,Gantry,1367,18.94
A,Gantry,1368,16.48
A,Gantry,1369,17.39
A,Gantry,1370,16.6
A,Gantry,1371,17.9
A,Gantry,1372,16.39
A,Gantry,1373,17.83
A,Gantry,1374,16.25
A,Gantry,1375,17.19
A,Gantry,1376,16.64
A,Gantry,1377,16.88
A,Gantry,1378,16.23
A,Gantry,1379,18.78
A,Gantry,1380,17.44
A,Gantry,1381,18.2
A,Gantry,1382,18.16
A,Gantry,1383,17.28
A,Gantry,1384,19.07
A,Gantry,1385,15.97
A,Gantry,1386,18.56
A,Gantry,1387,15.83
A,Gantry,1388,18.42
A,Gantry,1389,16.46
A,Gantry,1390,14.85
A,Gantry,1391,17.97
A,Gantry,1392,18.87
A,Gantry,1393,15.9
A,Gantry,1394,14.08
A,Gantry,1395,16.22
A,Gantry,1396,17.6
A,Gantry,1397,16.56
A,Gantry,1398,17.95
A,Gantry,1399,15.15
A,Gantry,1400,18.93
A,Gantry,1401,16.35
A,Gantry,1402,17.4
A,Gantry,1403,17.42
A,Gantry,1404,17.76
A,Gantry,1405,16.02
A,Gantry,1406,15.6
A,Gantry,1407,17
A,Gantry,1408,17.72
A,Gantry,1409,16.99
A,Gantry,1410,18.05
A,Gantry,1411,16.06
A,Gantry,1412,15
A,Gantry,1413,17.28
A,Gantry,1414,16.98
A,Gantry,1415,16.97
A,Gantry,1416,17.9
A,Gantry,1417,16.62
A,Gantry,1418,16.41
A,Gantry,1419,16.94
A,Gantry,1420,17.56
A,Gantry,1421,18.34
A,Gantry,1422,17.08
A,Gantry,1423,16.08
A,Gantry,1424,18.12
A,Gantry,1425,18.51
A,Gantry,1426,17.55
A,Gantry,1427,18.07
A,Gantry,1428,16.81
A,Gantry,1429,16.61
A,Gantry,1430,17.48
A,Gantry,1431,16.68
A,Gantry,1432,19.29
A,Gantry,1433,15.94
A,Gantry,1434,18.26
A,Gantry,1435,17.55
A,Gantry,1436,17.12
A,Gantry,1437,17.91
A,Gantry,1438,16.77
A,Gantry,1439,16.23
A,Gantry,1440,18.89
A,Gantry,1441,16.88
A,Gantry,1442,16.61
A,Gantry,1443,18.39
A,Gantry,1444,17.45
A,Gantry,1445,17.15
A,Gantry,1446,17.65
A,Gantry,1447,17.51
A,Gantry,1448,17.31
A,Gantry,1449,19.99
A,Gantry,1450,16.12
A,Gantry,1451,15.57
A,Gantry,1452,15.48
A,Gantry,1453,16.29
A,Gantry,1454,17.61
A,Gantry,1455,17.16
A,Gantry,1456,17.36
A,Gantry,1457,16.99
A,Gantry,1458,15.57
A,Gantry,1459,17.12
A,Gantry,1460,15.97
A,Gantry,1461,14.06
A,Gantry,1462,17.05
A,Gantry,1463,16.51
A,Gantry,1464,17.26
A,Gantry,1465,14.36
A,Gantry,1466,15.56
A,Gantry,1467,16.76
A,Gantry,1468,16.49
A,Gantry,1469,15.3
A,Gantry,1470,16.68
A,Gantry,1471,17.35
A,Gantry,1472,16.49
A,Gantry,1473,17.47
A,Gantry,1474,17.79
A,Gantry,1475,18.82
A,Gantry,1476,15.54
A,Gantry,1477,17.27
A,Gantry,1478,16.5
A,Gantry,1479,16.84
A,Gantry,1480,18.49
A,Gantry,1481,16.41
A,Gantry,1482,15.57
A,Gantry,1483,16.13
A,Gantry,1484,16.72
A,Gantry,1485,15.4
A,Gantry,1486,18.98
A,Gantry,1487,17
A,Gantry,1488,17.37
A,Gantry,1489,16.56
A,Gantry,1490,19.17
A,Gantry,1491,16.27
A,Gantry,1492,17.87
A,Gantry,1493,16.35
A,Gantry,1494,16.33
A,Gantry,1495,16.14
A,Gantry,1496,15.39
A,Gantry,1497,17.12
A,Gantry,1498,17.82
A,Gantry,1499,17.28
A,Gantry,1500,14.74
B,Atrium,1,16.74
B,Atrium,2,16.05
B,Atrium,3,14.48
B,Atrium,4,17.55
B,Atrium,5,16.86
B,Atrium,6,17.03
B,Atrium,7,16.51
B,Atrium,8,15.92
B,Atrium,9,15.61
B,Atrium,10,16.8
B,Atrium,11,16.47
B,Atrium,12,16.06
B,Atrium,13,16.39
B,Atrium,14,17.1
B,Atrium,15,17.19
B,Atrium,16,16.17
B,Atrium,17,15.95
B,Atrium,18,16
B,Atrium,19,16.8
B,Atrium,20,17.64
B,Atrium,21,15.96
B,Atrium,22,17.05
B,Atrium,23,15.94
B,Atrium,24,16.26
B,Atrium,25,16.36
B,Atrium,26,15.87
B,Atrium,27,17.35
B,Atrium,28,16.5
B,Atrium,29,17.21
B,Atrium,30,18.27
B,Atrium,31,17.79
B,Atrium,32,18.06
B,Atrium,33,16.94
B,Atrium,34,17.36
B,Atrium,35,16.53
B,Atrium,36,15.74
B,Atrium,37,15.89
B,Atrium,38,17.11
B,Atrium,39,15.86
B,Atrium,40,17.68
B,Atrium,41,16.02
B,Atrium,42,16.14
B,Atrium,43,14.98
B,Atrium,44,18.21
B,Atrium,45,18.4
B,Atrium,46,15.61
B,Atrium,47,15.42
B,Atrium,48,15.33
B,Atrium,49,17.14
B,Atrium,50,17.39
B,Atrium,51,16.18
B,Atrium,52,16.18
B,Atrium,53,16.75
B,Atrium,54,16.41
B,Atrium,55,15.77
B,Atrium,56,16.05
B,Atrium,57,18.23
B,Atrium,58,17.71
B,Atrium,59,18.22
B,Atrium,60,17.18
B,Atrium,61,16.75
B,Atrium,62,16.13
B,Atrium,63,17.12
B,Atrium,64,15.84
B,Atrium,65,16.37
B,Atrium,66,16.42
B,Atrium,67,14.3
B,Atrium,68,16.48
B,Atrium,69,18.28
B,Atrium,70,17.38
B,Atrium,71,16.61
B,Atrium,72,17.51
B,Atrium,73,16.87
B,Atrium,74,16.2
B,Atrium,75,16.59
B,Atrium,76,14.96
B,Atrium,77,15.5
B,Atrium,78,14.21
B,Atrium,79,17.27
B,Atrium,80,15.23
B,Atrium,81,13.93
B,Atrium,82,17.83
B,Atrium,83,17.17
B,Atrium,84,16.84
B,Atrium,85,16.56
B,Atrium,86,15.78
B,Atrium,87,16.11
B,Atrium,88,13.79
B,Atrium,89,16.91
B,Atrium,90,17.63
B,Atrium,91,17.06
B,Atrium,92,17.01
B,Atrium,93,16.19
B,Atrium,94,16.49
B,Atrium,95,16.81
B,Atrium,96,17.65
B,Atrium,97,17.6
B,Atrium,98,16.53
B,Atrium,99,15.39
B,Atrium,100,17.69
B,Atrium,101,14.77
B,Atrium,102,15.51
B,Atrium,103,17.78
B,Atrium,104,17.41
B,Atrium,105,17.29
B,Atrium,106,17.08
B,Atrium,107,16.87
B,Atrium,108,17.74
B,Atrium,109,17.59
B,Atrium,110,16.47
B,Atrium,111,16.48
B,Atrium,112,16.37
B,Atrium,113,16.18
B,Atrium,114,15.11
B,Atrium,115,15.89
B,Atrium,116,16.47
B,Atrium,117,17.76
B,Atrium,118,16.4
B,Atrium,119,16.66
B,Atrium,120,15.84
B,Atrium,121,17.93
B,Atrium,122,16.69
B,Atrium,123,16.63
B,Atrium,124,16.28
B,Atrium,125,15.56
B,Atrium,126,17.19
B,Atrium,127,15.59
B,Atrium,128,17.86
B,Atrium,129,14.77
B,Atrium,130,15.44
B,Atrium,131,16.91
B,Atrium,132,18.1
B,Atrium,133,17.61
B,Atrium,134,16.89
B,Atrium,135,17.24
B,Atrium,136,18.27
B,Atrium,137,17.35
B,Atrium,138,18.05
B,Atrium,139,15.12
B,Atrium,140,15.43
B,Atrium,141,17.38
B,Atrium,142,16.86
B,Atrium,143,16.77
B,Atrium,144,16.68
B,Atrium,145,17.31
B,Atrium,146,16.27
B,Atrium,147,15.38
B,Atrium,148,15.88
B,Atrium,149,16.93
B,Atrium,150,17.35
B,Atrium,151,15.56
B,Atrium,152,16.08
B,Atrium,153,17.63
B,Atrium,154,15
B,Atrium,155,16.71
B,Atrium,156,16.79
B,Atrium,157,18.19
B,Atrium,158,16.39
B,Atrium,159,16.1
B,Atrium,160,17.65
B,Atrium,161,16.99
B,Atrium,162,16.08
B,Atrium,163,17.52
B,Atrium,164,16.09
B,Atrium,165,17.14
B,Atrium,166,17.62
B,Atrium,167,17.65
B,Atrium,168,15.63
B,Atrium,169,14.82
B,Atrium,170,15.81
B,Atrium,171,15.76
B,Atrium,172,15.86
B,Atrium,173,16.45
B,Atrium,174,15.88
B,Atrium,175,17.45
B,Atrium,176,17.23
B,Atrium,177,13.51
B,Atrium,178,16.26
B,Atrium,179,16.78
B,Atrium,180,15.94
B,Atrium,181,17.37
B,Atrium,182,16.3
B,Atrium,183,13.76
B,Atrium,184,16.2
B,Atrium,185,16.21
B,Atrium,186,15.51
B,Atrium,187,16.57
B,Atrium,188,16.78
B,Atrium,189,17.72
B,Atrium,190,15.62
B,Atrium,191,17.61
B,Atrium,192,17.04
B,Atrium,193,16.71
B,Atrium,194,18.54
B,Atrium,195,17.59
B,Atrium,196,14.91
B,Atrium,197,15.61
B,Atrium,198,16.54
B,Atrium,199,17.47
B,Atrium,200,15.56
B,Atrium,201,14.66
B,Atrium,202,16.25
B,Atrium,203,16.44
B,Atrium,204,15.05
B,Atrium,205,16.19
B,Atrium,206,17.68
B,Atrium,207,16.4
B,Atrium,208,15.9
B,Atrium,209,18.56
B,Atrium,210,16.34
B,Atrium,211,16.82
B,Atrium,212,15.57
B,Atrium,213,16.29
B,Atrium,214,16.16
B,Atrium,215,16.73
B,Atrium,216,15.58
B,Atrium,217,17.57
B,Atrium,218,17.19
B,Atrium,219,16.94
B,Atrium,220,15.71
B,Atrium,221,18.49
B,Atrium,222,16.98
B,Atrium,223,18.65
B,Atrium,224,16.31
B,Atrium,225,17.58
B,Atrium,226,15.21
B,Atrium,227,15.1
B,Atrium,228,16.76
B,Atrium,229,17.82
B,Atrium,230,16.6
B,Atrium,231,16.2
B,Atrium,232,14.68
B,Atrium,233,16.76
B,Atrium,234,18.82
B,Atrium,235,15.64
B,Atrium,236,17.03
B,Atrium,237,15.27
B,Atrium,238,17.98
B,Atrium,239,15.26
B,Atrium,240,15.5
B,Atrium,241,15.87
B,Atrium,242,16.5
B,Atrium,243,15.32
B,Atrium,244,17.95
B,Atrium,245,15.95
B,Atrium,246,16.39
B,Atrium,247,17.17
B,Atrium,248,16.65
B,Atrium,249,17.87
B,Atrium,250,18.78
B,Atrium,251,15.84
B,Atrium,252,17.53
B,Atrium,253,14.58
B,Atrium,254,18.36
B,Atrium,255,17.34
B,Atrium,256,16.99
B,Atrium,257,15.26
B,Atrium,258,17.98
B,Atrium,259,17.12
B,Atrium,260,16.15
B,Atrium,261,14.69
B,Atrium,262,17
B,Atrium,263,18.19
B,Atrium,264,16.22
B,Atrium,265,15.79
B,Atrium,266,16.71
B,Atrium,267,16.63
B,Atrium,268,15.77
B,Atrium,269,16.63
B,Atrium,270,17.13
B,Atrium,271,14.66
B,Atrium,272,16.76
B,Atrium,273,16.01
B,Atrium,274,17.76
B,Atrium,275,14.37
B,Atrium,276,16.4
B,Atrium,277,17.48
B,Atrium,278,17.78
B,Atrium,279,18.02
B,Atrium,280,16.69
B,Atrium,281,17.56
B,Atrium,282,17.6
B,Atrium,283,17.48
B,Atrium,284,17.58
B,Atrium,285,16.79
B,Atrium,286,16.41
B,Atrium,287,19.32
B,Atrium,288,17.14
B,Atrium,289,17.97
B,Atrium,290,15.11
B,Atrium,291,16.47
B,Atrium,292,16.48
B,Atrium,293,17.04
B,Atrium,294,16.06
B,Atrium,295,16.02
B,Atrium,296,17.39
B,Atrium,297,15.52
B,Atrium,298,17.09
B,Atrium,299,15.19
B,Atrium,300,17.24
B,Atrium,301,16.57
B,Atrium,302,18.11
B,Atrium,303,17.18
B,Atrium,304,14.36
B,Atrium,305,13.95
B,Atrium,306,16.54
B,Atrium,307,15.62
B,Atrium,308,16.5
B,Atrium,309,14.06
B,Atrium,310,14.73
B,Atrium,311,17.51
B,Atrium,312,17.49
B,Atrium,313,18.1
B,Atrium,314,16.33
B,Atrium,315,16.91
B,Atrium,316,17.16
B,Atrium,317,16.5
B,Atrium,318,16.35
B,Atrium,319,15.38
B,Atrium,320,18.1
B,Atrium,321,17.1
B,Atrium,322,16.6
B,Atrium,323,15.93
B,Atrium,324,15.95
B,Atrium,325,14.51
B,Atrium,326,16.56
B,Atrium,327,15.33
B,Atrium,328,16.36
B,Atrium,329,17.3
B,Atrium,330,15.91
B,Atrium,331,16.38
B,Atrium,332,15.1
B,Atrium,333,15.99
B,Atrium,334,16.51
B,Atrium,335,18.24
B,Atrium,336,17.35
B,Atrium,337,15.95
B,Atrium,338,16.84
B,Atrium,339,14.71
B,Atrium,340,17.32
B,Atrium,341,15.93
B,Atrium,342,16.63
B,Atrium,343,16.45
B,Atrium,344,16.78
B,Atrium,345,16.28
B,Atrium,346,16.4
B,Atrium,347,16.94
B,Atrium,348,16.56
B,Atrium,349,16.49
B,Atrium,350,16.69
B,Atrium,351,18.26
B,Atrium,352,16.46
B,Atrium,353,17.71
B,Atrium,354,17.58
B,Atrium,355,15.73
B,Atrium,356,16.5
B,Atrium,357,16.84
B,Atrium,358,17.39
B,Atrium,359,14.55
B,Atrium,360,17.56
B,Atrium,361,15.85
B,Atrium,362,16.13
B,Atrium,363,16.91
B,Atrium,364,15.68
B,Atrium,365,15.22
B,Atrium,366,15.66
B,Atrium,367,14.9
B,Atrium,368,15.77
B,Atrium,369,16.12
B,Atrium,370,16.06
B,Atrium,371,16.78
B,Atrium,372,17.66
B,Atrium,373,14.94
B,Atrium,374,17.35
B,Atrium,375,16.79
B,Atrium,376,17.88
B,Atrium,377,17.12
B,Atrium,378,17.5
B,Atrium,379,15.3
B,Atrium,380,15.44
B,Atrium,381,16.45
B,Atrium,382,16.9
B,Atrium,383,16.85
B,Atrium,384,17.6
B,Atrium,385,16.75
B,Atrium,386,16.41
B,Atrium,387,16.82
B,Atrium,388,15.39
B,Atrium,389,16.59
B,Atrium,390,17.9
B,Atrium,391,13.52
B,Atrium,392,18.6
B,Atrium,393,19.54
B,Atrium,394,16.38
B,Atrium,395,18.72
B,Atrium,396,15.7
B,Atrium,397,17.78
B,Atrium,398,15.84
B,Atrium,399,17.45
B,Atrium,400,17.18
B,Atrium,401,17.04
B,Atrium,402,14.89
B,Atrium,403,17.31
B,Atrium,404,19.61
B,Atrium,405,17.09
B,Atrium,406,16.44
B,Atrium,407,19.45
B,Atrium,408,15.69
B,Atrium,409,16.95
B,Atrium,410,16.82
B,Atrium,411,17.67
B,Atrium,412,16.39
B,Atrium,413,17.68
B,Atrium,414,15.7
B,Atrium,415,15.06
B,Atrium,416,16.1
B,Atrium,417,16.67
B,Atrium,418,15.99
B,Atrium,419,17.47
B,Atrium,420,16.74
B,Atrium,421,16.26
B,Atrium,422,16.33
B,Atrium,423,16.49
B,Atrium,424,15.79
B,Atrium,425,18.54
B,Atrium,426,17.73
B,Atrium,427,14.74
B,Atrium,428,13.79
B,Atrium,429,16.26
B,Atrium,430,16.79
B,Atrium,431,16.54
B,Atrium,432,17.45
B,Atrium,433,16.86
B,Atrium,434,17.71
B,Atrium,435,19.3
B,Atrium,436,16.31
B,Atrium,437,16.76
B,Atrium,438,16.15
B,Atrium,439,15.6
B,Atrium,440,17.26
B,Atrium,441,16.95
B,Atrium,442,15.76
B,Atrium,443,14.96
B,Atrium,444,15.77
B,Atrium,445,16.98
B,Atrium,446,17.37
B,Atrium,447,16.07
B,Atrium,448,16.68
B,Atrium,449,16.85
B,Atrium,450,17.51
B,Atrium,451,15.88
B,Atrium,452,14.88
B,Atrium,453,15.37
B,Atrium,454,17.54
B,Atrium,455,16.25
B,Atrium,456,17.43
B,Atrium,457,16.75
B,Atrium,458,15.53
B,Atrium,459,15.33
B,Atrium,460,16.13
B,Atrium,461,16.4
B,Atrium,462,14.82
B,Atrium,463,17.56
B,Atrium,464,14.82
B,Atrium,465,15.23
B,Atrium,466,16.96
B,Atrium,467,18.49
B,Atrium,468,16.31
B,Atrium,469,15.64
B,Atrium,470,15.42
B,Atrium,471,17.36
B,Atrium,472,17.34
B,Atrium,473,15.88
B,Atrium,474,15.44
B,Atrium,475,16.99
B,Atrium,476,15.75
B,Atrium,477,14.52
B,Atrium,478,18.28
B,Atrium,479,17.46
B,Atrium,480,17.04
B,Atrium,481,17.12
B,Atrium,482,14.5
B,Atrium,483,16.85
B,Atrium,484,17.4
B,Atrium,485,16.11
B,Atrium,486,17
B,Atrium,487,14.67
B,Atrium,488,18.44
B,Atrium,489,16.05
B,Atrium,490,17.55
B,Atrium,491,17.34
B,Atrium,492,16.03
B,Atrium,493,15.77
B,Atrium,494,13.34
B,Atrium,495,15.59
B,Atrium,496,16.8
B,Atrium,497,16.82
B,Atrium,498,14.93
B,Atrium,499,13.59
B,Atrium,500,16.56
B,Atrium,501,19.09
B,Atrium,502,16.19
B,Atrium,503,16.6
B,Atrium,504,15.64
B,Atrium,505,16.09
B,Atrium,506,17.49
B,Atrium,507,15.94
B,Atrium,508,15.52
B,Atrium,509,16.37
B,Atrium,510,14.67
B,Atrium,511,17.35
B,Atrium,512,16.1
B,Atrium,513,15.46
B,Atrium,514,15.89
B,Atrium,515,16.64
B,Atrium,516,16.91
B,Atrium,517,16.86
B,Atrium,518,17.9
B,Atrium,519,16.75
B,Atrium,520,15.71
B,Atrium,521,15.93
B,Atrium,522,17.3
B,Atrium,523,15.76
B,Atrium,524,18.86
B,Atrium,525,17.74
B,Atrium,526,16.64
B,Atrium,527,16.82
B,Atrium,528,16.63
B,Atrium,529,16.52
B,Atrium,530,16
B,Atrium,531,16.41
B,Atrium,532,17.63
B,Atrium,533,17.34
B,Atrium,534,16.51
B,Atrium,535,16.17
B,Atrium,536,16.95
B,Atrium,537,18.26
B,Atrium,538,16.39
B,Atrium,539,16.81
B,Atrium,540,15.98
B,Atrium,541,18.04
B,Atrium,542,17.62
B,Atrium,543,14.63
B,Atrium,544,15.58
B,Atrium,545,14.36
B,Atrium,546,16.78
B,Atrium,547,15.66
B,Atrium,548,17.27
B,Atrium,549,16.75
B,Atrium,550,16.33
B,Atrium,551,17.49
B,Atrium,552,16.63
B,Atrium,553,16.05
B,Atrium,554,16.57
B,Atrium,555,18.13
B,Atrium,556,15.19
B,Atrium,557,15.93
B,Atrium,558,16.38
B,Atrium,559,16.69
B,Atrium,560,17.04
B,Atrium,561,18.54
B,Atrium,562,17.06
B,Atrium,563,16.42
B,Atrium,564,18.82
B,Atrium,565,15.3
B,Atrium,566,15.28
B,Atrium,567,18.39
B,Atrium,568,17.86
B,Atrium,569,16.27
B,Atrium,570,18.05
B,Atrium,571,15.6
B,Atrium,572,16.48
B,Atrium,573,16.79
B,Atrium,574,16.61
B,Atrium,575,15.51
B,Atrium,576,16.61
B,Atrium,577,18.43
B,Atrium,578,16.77
B,Atrium,579,15.47
B,Atrium,580,17.77
B,Atrium,581,16.11
B,Atrium,582,17.5
B,Atrium,583,18.77
B,Atrium,584,16.88
B,Atrium,585,14.63
B,Atrium,586,15.82
B,Atrium,587,16.36
B,Atrium,588,16.22
B,Atrium,589,15.5
B,Atrium,590,16.26
B,Atrium,591,17.2
B,Atrium,592,17.4
B,Atrium,593,14.96
B,Atrium,594,15.76
B,Atrium,595,17.01
B,Atrium,596,14.89
B,Atrium,597,16.43
B,Atrium,598,16.23
B,Atrium,599,17.26
B,Atrium,600,16.49
B,Atrium,601,15.77
B,Atrium,602,18.58
B,Atrium,603,16.17
B,Atrium,604,17.47
B,Atrium,605,17.45
B,Atrium,606,18.09
B,Atrium,607,16.45
B,Atrium,608,15.82
B,Atrium,609,16.49
B,Atrium,610,15.47
B,Atrium,611,17.96
B,Atrium,612,18.03
B,Atrium,613,15.65
B,Atrium,614,16.91
B,Atrium,615,16.75
B,Atrium,616,15.35
B,Atrium,617,16.66
B,Atrium,618,14.93
B,Atrium,619,17.79
B,Atrium,620,15.25
B,Atrium,621,17.55
B,Atrium,622,16.65
B,Atrium,623,17.24
B,Atrium,624,18.49
B,Atrium,625,15.76
B,Atrium,626,15.98
B,Atrium,627,15.42
B,Atrium,628,16.22
B,Atrium,629,17.2
B,Atrium,630,15.43
B,Atrium,631,18.64
B,Atrium,632,17.35
B,Atrium,633,16.57
B,Atrium,634,16.31
B,Atrium,635,16.51
B,Atrium,636,17.5
B,Atrium,637,17.21
B,Atrium,638,15.55
B,Atrium,639,18.09
B,Atrium,640,15.26
B,Atrium,641,19.42
B,Atrium,642,17.39
B,Atrium,643,15.99
B,Atrium,644,16.83
B,Atrium,645,18.15
B,Atrium,646,17.29
B,Atrium,647,17.57
B,Atrium,648,17.24
B,Atrium,649,18.21
B,Atrium,650,15.54
B,Atrium,651,16.89
B,Atrium,652,17.35
B,Atrium,653,16.46
B,Atrium,654,17.07
B,Atrium,655,18.49
B,Atrium,656,17.88
B,Atrium,657,16.01
B,Atrium,658,15.28
B,Atrium,659,16.63
B,Atrium,660,16.74
B,Atrium,661,16.92
B,Atrium,662,15.22
B,Atrium,663,16.88
B,Atrium,664,18.56
B,Atrium,665,17.48
B,Atrium,666,15.62
B,Atrium,667,16.77
B,Atrium,668,15.67
B,Atrium,669,17.84
B,Atrium,670,16.91
B,Atrium,671,15.33
B,Atrium,672,17.35
B,Atrium,673,16.89
B,Atrium,674,16.12
B,Atrium,675,16.81
B,Atrium,676,16
B,Atrium,677,17.11
B,Atrium,678,13.72
B,Atrium,679,17.93
B,Atrium,680,18.6
B,Atrium,681,15.89
B,Atrium,682,17.38
B,Atrium,683,17
B,Atrium,684,15.84
B,Atrium,685,15.85
B,Atrium,686,14.98
B,Atrium,687,17.53
B,Atrium,688,18.08
B,Atrium,689,16.16
B,Atrium,690,15.55
B,Atrium,691,17.61
B,Atrium,692,15.57
B,Atrium,693,15.6
B,Atrium,694,17.18
B,Atrium,695,15.62
B,Atrium,696,17.42
B,Atrium,697,16.53
B,Atrium,698,15.12
B,Atrium,699,16.41
B,Atrium,700,15.82
B,Atrium,701,16.86
B,Atrium,702,15.95
B,Atrium,703,17.14
B,Atrium,704,14.53
B,Atrium,705,17.38
B,Atrium,706,17.31
B,Atrium,707,16.58
B,Atrium,708,16.97
B,Atrium,709,15.98
B,Atrium,710,16.42
B,Atrium,711,15.78
B,Atrium,712,17.98
B,Atrium,713,16.33
B,Atrium,714,17.18
B,Atrium,715,15.88
B,Atrium,716,15.11
B,Atrium,717,15.56
B,Atrium,718,15.62
B,Atrium,719,15.17
B,Atrium,720,16.53
B,Atrium,721,16.87
B,Atrium,722,16.72
B,Atrium,723,17.54
B,Atrium,724,17.98
B,Atrium,725,17.3
B,Atrium,726,15.59
B,Atrium,727,16.7
B,Atrium,728,16.32
B,Atrium,729,17.34
B,Atrium,730,17.93
B,Atrium,731,16.33
B,Atrium,732,17.6
B,Atrium,733,16.23
B,Atrium,734,16.15
B,Atrium,735,17.04
B,Atrium,736,16.64
B,Atrium,737,16.69
B,Atrium,738,16.81
B,Atrium,739,16.93
B,Atrium,740,16.66
B,Atrium,741,15.51
B,Atrium,742,16.85
B,Atrium,743,17.07
B,Atrium,744,16.78
B,Atrium,745,15.86
B,Atrium,746,16.95
B,Atrium,747,16.1
B,Atrium,748,15.46
B,Atrium,749,16.99
B,Atrium,750,16
B,Atrium,751,16.08
B,Atrium,752,17.21
B,Atrium,753,15.61
B,Atrium,754,15.24
B,Atrium,755,16.61
B,Atrium,756,16.4
B,Atrium,757,17.09
B,Atrium,758,16.4
B,Atrium,759,14.69
B,Atrium,760,15.79
B,Atrium,761,16.7
B,Atrium,762,17.26
B,Atrium,763,15.51
B,Atrium,764,16.06
B,Atrium,765,17.74
B,Atrium,766,17.68
B,Atrium,767,15.41
B,Atrium,768,15.11
B,Atrium,769,18.04
B,Atrium,770,16.22
B,Atrium,771,16.29
B,Atrium,772,18.46
B,Atrium,773,15.36
B,Atrium,774,17.32
B,Atrium,775,16.42
B,Atrium,776,15.74
B,Atrium,777,18.17
B,Atrium,778,17.31
B,Atrium,779,17.03
B,Atrium,780,17.42
B,Atrium,781,14.03
B,Atrium,782,17.17
B,Atrium,783,15.62
B,Atrium,784,15.6
B,Atrium,785,18.29
B,Atrium,786,16.48
B,Atrium,787,16.64
B,Atrium,788,15.11
B,Atrium,789,16.19
B,Atrium,790,15.18
B,Atrium,791,13.91
B,Atrium,792,14.82
B,Atrium,793,16.54
B,Atrium,794,14.93
B,Atrium,795,16.55
B,Atrium,796,16.81
B,Atrium,797,16.64
B,Atrium,798,18.42
B,Atrium,799,16.48
B,Atrium,800,16.69
B,Atrium,801,16.5
B,Atrium,802,16.87
B,Atrium,803,16.99
B,Atrium,804,16.67
B,Atrium,805,15.95
B,Atrium,806,17.21
B,Atrium,807,15.15
B,Atrium,808,15
B,Atrium,809,14.57
B,Atrium,810,15.74
B,Atrium,811,15.44
B,Atrium,812,14.76
B,Atrium,813,16.18
B,Atrium,814,16.15
B,Atrium,815,15.62
B,Atrium,816,16.14
B,Atrium,817,16.87
B,Atrium,818,15.32
B,Atrium,819,15.75
B,Atrium,820,17.4
B,Atrium,821,15.43
B,Atrium,822,16.01
B,Atrium,823,17.91
B,Atrium,824,16.41
B,Atrium,825,16.93
B,Atrium,826,15.85
B,Atrium,827,17.69
B,Atrium,828,16.72
B,Atrium,829,17.28
B,Atrium,830,18.45
B,Atrium,831,17.02
B,Atrium,832,17.1
B,Atrium,833,16.41
B,Atrium,834,18.93
B,Atrium,835,17.21
B,Atrium,836,17.38
B,Atrium,837,16.39
B,Atrium,838,16.66
B,Atrium,839,14.11
B,Atrium,840,15.12
B,Atrium,841,17.18
B,Atrium,842,16.05
B,Atrium,843,16.02
B,Atrium,844,14.92
B,Atrium,845,18.33
B,Atrium,846,16.01
B,Atrium,847,14.32
B,Atrium,848,16.96
B,Atrium,849,15.55
B,Atrium,850,17.43
B,Atrium,851,17.63
B,Atrium,852,15.69
B,Atrium,853,17.87
B,Atrium,854,15.96
B,Atrium,855,17.55
B,Atrium,856,17.14
B,Atrium,857,17.63
B,Atrium,858,16.68
B,Atrium,859,17.87
B,Atrium,860,15.89
B,Atrium,861,16.09
B,Atrium,862,16.6
B,Atrium,863,15.3
B,Atrium,864,19.13
B,Atrium,865,18.38
B,Atrium,866,15.88
B,Atrium,867,15.95
B,Atrium,868,16.37
B,Atrium,869,17.74
B,Atrium,870,16.3
B,Atrium,871,15.21
B,Atrium,872,17.39
B,Atrium,873,16.79
B,Atrium,874,15.64
B,Atrium,875,17.13
B,Atrium,876,15.96
B,Atrium,877,17.16
B,Atrium,878,15.81
B,Atrium,879,17.87
B,Atrium,880,15.36
B,Atrium,881,17.68
B,Atrium,882,15.6
B,Atrium,883,16.54
B,Atrium,884,13.43
B,Atrium,885,17.71
B,Atrium,886,16.94
B,Atrium,887,17.16
B,Atrium,888,16.63
B,Atrium,889,16.95
B,Atrium,890,16.79
B,Atrium,891,17.53
B,Atrium,892,17.25
B,Atrium,893,17.32
B,Atrium,894,15.77
B,Atrium,895,16.6
B,Atrium,896,16.5
B,Atrium,897,16.96
B,Atrium,898,18.03
B,Atrium,899,15.3
B,Atrium,900,14.85
B,Atrium,901,15.84
B,Atrium,902,15.41
B,Atrium,903,15.27
B,Atrium,904,15.85
B,Atrium,905,18.33
B,Atrium,906,16.07
B,Atrium,907,17.65
B,Atrium,908,16.14
B,Atrium,909,15.67
B,Atrium,910,16.87
B,Atrium,911,18.55
B,Atrium,912,17.18
B,Atrium,913,15.79
B,Atrium,914,15.88
B,Atrium,915,17.42
B,Atrium,916,18.19
B,Atrium,917,16.93
B,Atrium,918,16.7
B,Atrium,919,14.63
B,Atrium,920,16.8
B,Atrium,921,17.58
B,Atrium,922,16.38
B,Atrium,923,17.4
B,Atrium,924,13.66
B,Atrium,925,16.14
B,Atrium,926,15.52
B,Atrium,927,16.51
B,Atrium,928,16.41
B,Atrium,929,18.23
B,Atrium,930,18.46
B,Atrium,931,16.29
B,Atrium,932,17.14
B,Atrium,933,16.9
B,Atrium,934,17.39
B,Atrium,935,16.34
B,Atrium,936,17.55
B,Atrium,937,16.47
B,Atrium,938,17.65
B,Atrium,939,17.43
B,Atrium,940,15.34
B,Atrium,941,17.81
B,Atrium,942,16.61
B,Atrium,943,16.47
B,Atrium,944,17.32
B,Atrium,945,16.27
B,Atrium,946,16.35
B,Atrium,947,17.45
B,Atrium,948,16.33
B,Atrium,949,17
B,Atrium,950,17.53
B,Atrium,951,16.67
B,Atrium,952,17.57
B,Atrium,953,16.01
B,Atrium,954,16.97
B,Atrium,955,16.75
B,Atrium,956,17.63
B,Atrium,957,17.28
B,Atrium,958,15.22
B,Atrium,959,17.27
B,Atrium,960,15.45
B,Atrium,961,18
B,Atrium,962,16.36
B,Atrium,963,18.41
B,Atrium,964,16.43
B,Atrium,965,17.59
B,Atrium,966,16.95
B,Atrium,967,15.49
B,Atrium,968,17.15
B,Atrium,969,16.91
B,Atrium,970,17.24
B,Atrium,971,17.42
B,Atrium,972,17.72
B,Atrium,973,15.54
B,Atrium,974,17.34
B,Atrium,975,18.09
B,Atrium,976,15.43
B,Atrium,977,15.72
B,Atrium,978,15.9
B,Atrium,979,16.68
B,Atrium,980,17.49
B,Atrium,981,14.92
B,Atrium,982,16.13
B,Atrium,983,18.5
B,Atrium,984,17.04
B,Atrium,985,16.04
B,Atrium,986,16.84
B,Atrium,987,16.24
B,Atrium,988,15.96
B,Atrium,989,17.51
B,Atrium,990,18.07
B,Atrium,991,15.18
B,Atrium,992,17.62
B,Atrium,993,16.77
B,Atrium,994,16.87
B,Atrium,995,18.93
B,Atrium,996,15.73
B,Atrium,997,16.83
B,Atrium,998,16.66
B,Atrium,999,17.55
B,Atrium,1000,17.4
B,Atrium,1001,16.18
B,Atrium,1002,15.84
B,Atrium,1003,17.92
B,Atrium,1004,15.44
B,Atrium,1005,16.06
B,Atrium,1006,16.33
B,Atrium,1007,17.57
B,Atrium,1008,18.55
B,Atrium,1009,15.39
B,Atrium,1010,16.71
B,Atrium,1011,17.09
B,Atrium,1012,16.71
B,Atrium,1013,15.92
B,Atrium,1014,15.88
B,Atrium,1015,16.72
B,Atrium,1016,18.3
B,Atrium,1017,17.2
B,Atrium,1018,16.81
B,Atrium,1019,15.72
B,Atrium,1020,17.04
B,Atrium,1021,16.72
B,Atrium,1022,17.79
B,Atrium,1023,15.8
B,Atrium,1024,17.07
B,Atrium,1025,16.4
B,Atrium,1026,18.09
B,Atrium,1027,18.38
B,Atrium,1028,15.97
B,Atrium,1029,16.65
B,Atrium,1030,17.63
B,Atrium,1031,17.35
B,Atrium,1032,16.16
B,Atrium,1033,16.48
B,Atrium,1034,15.27
B,Atrium,1035,15.2
B,Atrium,1036,16.04
B,Atrium,1037,16.75
B,Atrium,1038,17.3
B,Atrium,1039,14.85
B,Atrium,1040,15.67
B,Atrium,1041,16
B,Atrium,1042,18.78
B,Atrium,1043,14.92
B,Atrium,1044,17.19
B,Atrium,1045,15.84
B,Atrium,1046,15.97
B,Atrium,1047,15.77
B,Atrium,1048,16.03
B,Atrium,1049,17.14
B,Atrium,1050,16.54
B,Atrium,1051,18.24
B,Atrium,1052,15.52
B,Atrium,1053,17.44
B,Atrium,1054,19.33
B,Atrium,1055,16.07
B,Atrium,1056,16.99
B,Atrium,1057,16.71
B,Atrium,1058,17.15
B,Atrium,1059,15.77
B,Atrium,1060,16.31
B,Atrium,1061,15.67
B,Atrium,1062,15.36
B,Atrium,1063,17.83
B,Atrium,1064,15.55
B,Atrium,1065,16.85
B,Atrium,1066,16.46
B,Atrium,1067,16.67
B,Atrium,1068,16.22
B,Atrium,1069,17.5
B,Atrium,1070,18.58
B,Atrium,1071,15.28
B,Atrium,1072,17.18
B,Atrium,1073,16.67
B,Atrium,1074,16.95
B,Atrium,1075,17.21
B,Atrium,1076,15.27
B,Atrium,1077,17.43
B,Atrium,1078,15.41
B,Atrium,1079,16.57
B,Atrium,1080,16.17
B,Atrium,1081,18.05
B,Atrium,1082,17.23
B,Atrium,1083,16.97
B,Atrium,1084,16.5
B,Atrium,1085,17.85
B,Atrium,1086,14.97
B,Atrium,1087,16.36
B,Atrium,1088,17.03
B,Atrium,1089,16.46
B,Atrium,1090,15.82
B,Atrium,1091,15.34
B,Atrium,1092,16.73
B,Atrium,1093,17.85
B,Atrium,1094,14.82
B,Atrium,1095,19.56
B,Atrium,1096,17.1
B,Atrium,1097,16.76
B,Atrium,1098,17.05
B,Atrium,1099,16.4
B,Atrium,1100,17.58
B,Atrium,1101,15.72
B,Atrium,1102,16.82
B,Atrium,1103,15.07
B,Atrium,1104,16.75
B,Atrium,1105,18.58
B,Atrium,1106,17.2
B,Atrium,1107,15.43
B,Atrium,1108,17.2
B,Atrium,1109,16.1
B,Atrium,1110,16.11
B,Atrium,1111,17.37
B,Atrium,1112,16.93
B,Atrium,1113,16.92
B,Atrium,1114,17.83
B,Atrium,1115,17.13
B,Atrium,1116,16.13
B,Atrium,1117,16.74
B,Atrium,1118,15.04
B,Atrium,1119,17.49
B,Atrium,1120,15.75
B,Atrium,1121,15.77
B,Atrium,1122,17.3
B,Atrium,1123,15.66
B,Atrium,1124,15.01
B,Atrium,1125,16.53
B,Atrium,1126,16.52
B,Atrium,1127,16.11
B,Atrium,1128,16.47
B,Atrium,1129,17.6
B,Atrium,1130,19.02
B,Atrium,1131,16.86
B,Atrium,1132,16.85
B,Atrium,1133,14.3
B,Atrium,1134,15.75
B,Atrium,1135,15.28
B,Atrium,1136,18.11
B,Atrium,1137,17.3
B,Atrium,1138,17.17
B,Atrium,1139,16.99
B,Atrium,1140,18.54
B,Atrium,1141,15.43
B,Atrium,1142,16.7
B,Atrium,1143,16.72
B,Atrium,1144,16.27
B,Atrium,1145,16.53
B,Atrium,1146,16.4
B,Atrium,1147,17.39
B,Atrium,1148,14.18
B,Atrium,1149,16.34
B,Atrium,1150,16.42
B,Atrium,1151,16.23
B,Atrium,1152,15.35
B,Atrium,1153,16.03
B,Atrium,1154,18.92
B,Atrium,1155,18.34
B,Atrium,1156,15.49
B,Atrium,1157,16.25
B,Atrium,1158,16.79
B,Atrium,1159,15.31
B,Atrium,1160,17.7
B,Atrium,1161,17.54
B,Atrium,1162,17.35
B,Atrium,1163,18.32
B,Atrium,1164,16.34
B,Atrium,1165,18.43
B,Atrium,1166,17.33
B,Atrium,1167,17.6
B,Atrium,1168,17.53
B,Atrium,1169,14.35
B,Atrium,1170,15.75
B,Atrium,1171,16.46
B,Atrium,1172,16.13
B,Atrium,1173,17.21
B,Atrium,1174,17.32
B,Atrium,1175,16.3
B,Atrium,1176,17.3
B,Atrium,1177,16.46
B,Atrium,1178,17.43
B,Atrium,1179,15.69
B,Atrium,1180,15.63
B,Atrium,1181,15.16
B,Atrium,1182,15.8
B,Atrium,1183,16.87
B,Atrium,1184,17.03
B,Atrium,1185,19.42
B,Atrium,1186,17.28
B,Atrium,1187,15.88
B,Atrium,1188,16.17
B,Atrium,1189,17.17
B,Atrium,1190,18.32
B,Atrium,1191,16.74
B,Atrium,1192,17.86
B,Atrium,1193,14.91
B,Atrium,1194,15.95
B,Atrium,1195,14.54
B,Atrium,1196,15.71
B,Atrium,1197,14.69
B,Atrium,1198,18.38
B,Atrium,1199,15.9
B,Atrium,1200,17.5
B,Atrium,1201,15.63
B,Atrium,1202,16.88
B,Atrium,1203,15.08
B,Atrium,1204,16.19
B,Atrium,1205,16.3
B,Atrium,1206,17.34
B,Atrium,1207,16.41
B,Atrium,1208,17.37
B,Atrium,1209,16.79
B,Atrium,1210,17.4
B,Atrium,1211,15.66
B,Atrium,1212,16.53
B,Atrium,1213,15.54
B,Atrium,1214,16.83
B,Atrium,1215,18.53
B,Atrium,1216,15.78
B,Atrium,1217,16.59
B,Atrium,1218,18.01
B,Atrium,1219,16.32
B,Atrium,1220,16.91
B,Atrium,1221,16.04
B,Atrium,1222,16.33
B,Atrium,1223,15.99
B,Atrium,1224,17.31
B,Atrium,1225,17.79
B,Atrium,1226,16.27
B,Atrium,1227,16.85
B,Atrium,1228,16.06
B,Atrium,1229,17.64
B,Atrium,1230,16.53
B,Atrium,1231,16.63
B,Atrium,1232,16.9
B,Atrium,1233,16.55
B,Atrium,1234,16.85
B,Atrium,1235,17.26
B,Atrium,1236,17.06
B,Atrium,1237,18.04
B,Atrium,1238,15.99
B,Atrium,1239,16
B,Atrium,1240,17.1
B,Atrium,1241,17.99
B,Atrium,1242,16.43
B,Atrium,1243,16.01
B,Atrium,1244,18.89
B,Atrium,1245,17.68
B,Atrium,1246,16.5
B,Atrium,1247,16.01
B,Atrium,1248,16.38
B,Atrium,1249,13.93
B,Atrium,1250,17.32
B,Atrium,1251,16.68
B,Atrium,1252,15.79
B,Atrium,1253,15.84
B,Atrium,1254,17.16
B,Atrium,1255,17.24
B,Atrium,1256,17.77
B,Atrium,1257,15.34
B,Atrium,1258,16.57
B,Atrium,1259,18.14
B,Atrium,1260,16.62
B,Atrium,1261,15.88
B,Atrium,1262,16.91
B,Atrium,1263,17.29
B,Atrium,1264,17.6
B,Atrium,1265,15.29
B,Atrium,1266,16.64
B,Atrium,1267,15.86
B,Atrium,1268,17.25
B,Atrium,1269,15.8
B,Atrium,1270,16.84
B,Atrium,1271,17.41
B,Atrium,1272,17.82
B,Atrium,1273,17.91
B,Atrium,1274,16.02
B,Atrium,1275,18.31
B,Atrium,1276,15.68
B,Atrium,1277,17.01
B,Atrium,1278,15.8
B,Atrium,1279,15.28
B,Atrium,1280,17.37
B,Atrium,1281,15.62
B,Atrium,1282,17.41
B,Atrium,1283,17.14
B,Atrium,1284,15.61
B,Atrium,1285,15.81
B,Atrium,1286,15.39
B,Atrium,1287,15.34
B,Atrium,1288,15.7
B,Atrium,1289,15.41
B,Atrium,1290,16.49
B,Atrium,1291,14.47
B,Atrium,1292,17.63
B,Atrium,1293,17.36
B,Atrium,1294,17.37
B,Atrium,1295,16.88
B,Atrium,1296,16.25
B,Atrium,1297,15.24
B,Atrium,1298,15.62
B,Atrium,1299,17.03
B,Atrium,1300,16.83
B,Atrium,1301,12.54
B,Atrium,1302,15.81
B,Atrium,1303,16.11
B,Atrium,1304,17.32
B,Atrium,1305,16.84
B,Atrium,1306,19.39
B,Atrium,1307,17.28
B,Atrium,1308,17.04
B,Atrium,1309,15.97
B,Atrium,1310,16.62
B,Atrium,1311,13.81
B,Atrium,1312,16.08
B,Atrium,1313,16.36
B,Atrium,1314,16.39
B,Atrium,1315,14.28
B,Atrium,1316,16.25
B,Atrium,1317,17.28
B,Atrium,1318,17.11
B,Atrium,1319,15.53
B,Atrium,1320,16.41
B,Atrium,1321,16.83
B,Atrium,1322,15.3
B,Atrium,1323,17
B,Atrium,1324,17.65
B,Atrium,1325,18.06
B,Atrium,1326,14.71
B,Atrium,1327,16.82
B,Atrium,1328,16.91
B,Atrium,1329,18.68
B,Atrium,1330,16.34
B,Atrium,1331,16.9
B,Atrium,1332,16.32
B,Atrium,1333,16.25
B,Atrium,1334,16.83
B,Atrium,1335,17.62
B,Atrium,1336,15.3
B,Atrium,1337,16.11
B,Atrium,1338,16.2
B,Atrium,1339,15.36
B,Atrium,1340,14.44
B,Atrium,1341,17.41
B,Atrium,1342,16.44
B,Atrium,1343,17.02
B,Atrium,1344,16.64
B,Atrium,1345,13.64
B,Atrium,1346,14.91
B,Atrium,1347,15.96
B,Atrium,1348,16.8
B,Atrium,1349,16.38
B,Atrium,1350,16.08
B,Atrium,1351,15.43
B,Atrium,1352,15.54
B,Atrium,1353,17.13
B,Atrium,1354,16.86
B,Atrium,1355,17.04
B,Atrium,1356,17.58
B,Atrium,1357,17.58
B,Atrium,1358,18.96
B,Atrium,1359,16.23
B,Atrium,1360,18.19
B,Atrium,1361,15.66
B,Atrium,1362,16.75
B,Atrium,1363,17.43
B,Atrium,1364,15.48
B,Atrium,1365,14.89
B,Atrium,1366,18.68
B,Atrium,1367,15.1
B,Atrium,1368,15.08
B,Atrium,1369,14.86
B,Atrium,1370,15.87
B,Atrium,1371,16.4
B,Atrium,1372,17.59
B,Atrium,1373,16.42
B,Atrium,1374,16.9
B,Atrium,1375,15.76
B,Atrium,1376,17.33
B,Atrium,1377,17.16
B,Atrium,1378,17.34
B,Atrium,1379,15.61
B,Atrium,1380,15.87
B,Atrium,1381,15.56
B,Atrium,1382,17.7
B,Atrium,1383,16.39
B,Atrium,1384,17.47
B,Atrium,1385,15.99
B,Atrium,1386,16.22
B,Atrium,1387,15.64
B,Atrium,1388,15.33
B,Atrium,1389,16.21
B,Atrium,1390,17.95
B,Atrium,1391,16.58
B,Atrium,1392,16.93
B,Atrium,1393,17.37
B,Atrium,1394,17.32
B,Atrium,1395,18.13
B,Atrium,1396,18.28
B,Atrium,1397,16.08
B,Atrium,1398,16.96
B,Atrium,1399,15.16
B,Atrium,1400,14.05
B,Atrium,1401,16.48
B,Atrium,1402,16.95
B,Atrium,1403,17.59
B,Atrium,1404,16.35
B,Atrium,1405,14.74
B,Atrium,1406,16.02
B,Atrium,1407,16.92
B,Atrium,1408,17.52
B,Atrium,1409,14.45
B,Atrium,1410,15.64
B,Atrium,1411,16.41
B,Atrium,1412,15.66
B,Atrium,1413,17.05
B,Atrium,1414,15.75
B,Atrium,1415,16.77
B,Atrium,1416,17.84
B,Atrium,1417,17.52
B,Atrium,1418,16.71
B,Atrium,1419,17.25
B,Atrium,1420,16.35
B,Atrium,1421,16.78
B,Atrium,1422,17.7
B,Atrium,1423,17.15
B,Atrium,1424,15.66
B,Atrium,1425,16.22
B,Atrium,1426,16.08
B,Atrium,1427,16.69
B,Atrium,1428,16.08
B,Atrium,1429,18.77
B,Atrium,1430,16.9
B,Atrium,1431,15.96
B,Atrium,1432,17.95
B,Atrium,1433,16.52
B,Atrium,1434,16.95
B,Atrium,1435,15.22
B,Atrium,1436,16.03
B,Atrium,1437,16.33
B,Atrium,1438,17.35
B,Atrium,1439,17.05
B,Atrium,1440,14.93
B,Atrium,1441,16.89
B,Atrium,1442,17.32
B,Atrium,1443,17.1
B,Atrium,1444,15.67
B,Atrium,1445,18.4
B,Atrium,1446,15.18
B,Atrium,1447,15.85
B,Atrium,1448,18.04
B,Atrium,1449,17.18
B,Atrium,1450,17.46
B,Atrium,1451,15.34
B,Atrium,1452,16.59
B,Atrium,1453,16.28
B,Atrium,1454,16.41
B,Atrium,1455,17.27
B,Atrium,1456,15.31
B,Atrium,1457,14.98
B,Atrium,1458,15.98
B,Atrium,1459,16.63
B,Atrium,1460,18.92
B,Atrium,1461,16.48
B,Atrium,1462,15.15
B,Atrium,1463,17.99
B,Atrium,1464,16
B,Atrium,1465,18.2
B,Atrium,1466,16.22
B,Atrium,1467,16.39
B,Atrium,1468,17.27
B,Atrium,1469,15.6
B,Atrium,1470,17.2
B,Atrium,1471,17.12
B,Atrium,1472,15.26
B,Atrium,1473,16.17
B,Atrium,1474,16.22
B,Atrium,1475,17.61
B,Atrium,1476,16.55
B,Atrium,1477,16.14
B,Atrium,1478,18.21
B,Atrium,1479,16.03
B,Atrium,1480,17.02
B,Atrium,1481,17.39
B,Atrium,1482,16.9
B,Atrium,1483,17
B,Atrium,1484,16.29
B,Atrium,1485,16.64
B,Atrium,1486,16.65
B,Atrium,1487,17.61
B,Atrium,1488,14.99
B,Atrium,1489,17.62
B,Atrium,1490,15.81
B,Atrium,1491,17.28
B,Atrium,1492,16.57
B,Atrium,1493,17.19
B,Atrium,1494,16.42
B,Atrium,1495,15.54
B,Atrium,1496,15.9
B,Atrium,1497,16.03
B,Atrium,1498,17.86
B,Atrium,1499,16.64
B,Atrium,1500,14.29
B,Corridor,1,16.03
B,Corridor,2,15.92
B,Corridor,3,14.49
B,Corridor,4,18.47
B,Corridor,5,17.44
B,Corridor,6,16.09
B,Corridor,7,16.99
B,Corridor,8,16.21
B,Corridor,9,17.69
B,Corridor,10,16.59
B,Corridor,11,15.71
B,Corridor,12,13.65
B,Corridor,13,15.82
B,Corridor,14,15.59
B,Corridor,15,17.25
B,Corridor,16,16.64
B,Corridor,17,15.64
B,Corridor,18,16.7
B,Corridor,19,17.02
B,Corridor,20,16.94
B,Corridor,21,17.32
B,Corridor,22,14.26
B,Corridor,23,16.53
B,Corridor,24,16.14
B,Corridor,25,45.82
B,Corridor,26,16.89
B,Corridor,27,17.43
B,Corridor,28,18.09
B,Corridor,29,17.42
B,Corridor,30,16.72
B,Corridor,31,17.65
B,Corridor,32,17.24
B,Corridor,33,17.92
B,Corridor,34,17.87
B,Corridor,35,17.8
B,Corridor,36,16.7
B,Corridor,37,15.43
B,Corridor,38,16.25
B,Corridor,39,16.58
B,Corridor,40,16.88
B,Corridor,41,16.65
B,Corridor,42,16.13
B,Corridor,43,17.03
B,Corridor,44,18.27
B,Corridor,45,16.15
B,Corridor,46,17.1
B,Corridor,47,14.83
B,Corridor,48,16.72
B,Corridor,49,17.51
B,Corridor,50,47.21
B,Corridor,51,17.14
B,Corridor,52,16.51
B,Corridor,53,16.82
B,Corridor,54,15.56
B,Corridor,55,17.39
B,Corridor,56,16.01
B,Corridor,57,16.59
B,Corridor,58,16.41
B,Corridor,59,17.91
B,Corridor,60,18.44
B,Corridor,61,16.6
B,Corridor,62,18.45
B,Corridor,63,17.91
B,Corridor,64,15.89
B,Corridor,65,16.2
B,Corridor,66,14.07
B,Corridor,67,15.98
B,Corridor,68,16.08
B,Corridor,69,16.29
B,Corridor,70,15.4
B,Corridor,71,16.75
B,Corridor,72,17.29
B,Corridor,73,16.97
B,Corridor,74,17.35
B,Corridor,75,40.7
B,Corridor,76,16.49
B,Corridor,77,15.31
B,Corridor,78,15.48
B,Corridor,79,17.51
B,Corridor,80,16.83
B,Corridor,81,17.93
B,Corridor,82,16.02
B,Corridor,83,16.29
B,Corridor,84,16.97
B,Corridor,85,17.64
B,Corridor,86,17.2
B,Corridor,87,15.94
B,Corridor,88,15.68
B,Corridor,89,16.54
B,Corridor,90,15.71
B,Corridor,91,15.95
B,Corridor,92,18.25
B,Corridor,93,15.46
B,Corridor,94,17.09
B,Corridor,95,16.39
B,Corridor,96,17.41
B,Corridor,97,17.27
B,Corridor,98,16.86
B,Corridor,99,16.75
B,Corridor,100,41.96
B,Corridor,101,19.5
B,Corridor,102,16.59
B,Corridor,103,14.87
B,Corridor,104,16.36
B,Corridor,105,16.86
B,Corridor,106,15.86
B,Corridor,107,16.22
B,Corridor,108,15.82
B,Corridor,109,16.33
B,Corridor,110,16.24
B,Corridor,111,16.42
B,Corridor,112,17.65
B,Corridor,113,16.92
B,Corridor,114,16.57
B,Corridor,115,16.53
B,Corridor,116,18.47
B,Corridor,117,16.75
B,Corridor,118,16.57
B,Corridor,119,15.61
B,Corridor,120,18.18
B,Corridor,121,18.13
B,Corridor,122,15.45
B,Corridor,123,17.72
B,Corridor,124,16.7
B,Corridor,125,42.11
B,Corridor,126,17.41
B,Corridor,127,15.12
B,Corridor,128,15.54
B,Corridor,129,17.54
B,Corridor,130,16.31
B,Corridor,131,17.19
B,Corridor,132,17.52
B,Corridor,133,16.43
B,Corridor,134,14.59
B,Corridor,135,17.15
B,Corridor,136,19.86
B,Corridor,137,15.86
B,Corridor,138,16.94
B,Corridor,139,14.57
B,Corridor,140,17.04
B,Corridor,141,17.67
B,Corridor,142,16.06
B,Corridor,143,16.42
B,Corridor,144,15.57
B,Corridor,145,16.17
B,Corridor,146,15.7
B,Corridor,147,16.08
B,Corridor,148,15.89
B,Corridor,149,16.42
B,Corridor,150,34.23
B,Corridor,151,15.52
B,Corridor,152,17.55
B,Corridor,153,16.36
B,Corridor,154,16.94
B,Corridor,155,15.13
B,Corridor,156,16.7
B,Corridor,157,17.7
B,Corridor,158,16.72
B,Corridor,159,15.7
B,Corridor,160,18.64
B,Corridor,161,16.88
B,Corridor,162,15.28
B,Corridor,163,16.83
B,Corridor,164,15.45
B,Corridor,165,16.28
B,Corridor,166,14.7
B,Corridor,167,16.01
B,Corridor,168,18.29
B,Corridor,169,15.55
B,Corridor,170,16.32
B,Corridor,171,17.33
B,Corridor,172,15.72
B,Corridor,173,16.15
B,Corridor,174,16.29
B,Corridor,175,38.52
B,Corridor,176,16.57
B,Corridor,177,15.66
B,Corridor,178,14.93
B,Corridor,179,16.99
B,Corridor,180,16.77
B,Corridor,181,16.31
B,Corridor,182,14.59
B,Corridor,183,16.27
B,Corridor,184,18.15
B,Corridor,185,17.68
B,Corridor,186,14.36
B,Corridor,187,16.28
B,Corridor,188,17.7
B,Corridor,189,17.04
B,Corridor,190,17.34
B,Corridor,191,15.61
B,Corridor,192,13.84
B,Corridor,193,17.5
B,Corridor,194,15.77
B,Corridor,195,16.97
B,Corridor,196,16.91
B,Corridor,197,18.21
B,Corridor,198,16.21
B,Corridor,199,16.39
B,Corridor,200,52.79
B,Corridor,201,15.04
B,Corridor,202,17.82
B,Corridor,203,17.24
B,Corridor,204,17.4
B,Corridor,205,15.86
B,Corridor,206,17.67
B,Corridor,207,16.58
B,Corridor,208,16.24
B,Corridor,209,15.42
B,Corridor,210,18.42
B,Corridor,211,16.3
B,Corridor,212,17.04
B,Corridor,213,16.55
B,Corridor,214,16.96
B,Corridor,215,17.09
B,Corridor,216,16.02
B,Corridor,217,17.09
B,Corridor,218,16.96
B,Corridor,219,16.43
B,Corridor,220,17.65
B,Corridor,221,16.11
B,Corridor,222,16
B,Corridor,223,17.28
B,Corridor,224,17.51
B,Corridor,225,49.05
B,Corridor,226,17.05
B,Corridor,227,17.45
B,Corridor,228,20.82
B,Corridor,229,17.94
B,Corridor,230,19.31
B,Corridor,231,18.38
B,Corridor,232,15.42
B,Corridor,233,17.66
B,Corridor,234,17.71
B,Corridor,235,17.22
B,Corridor,236,15.27
B,Corridor,237,15.53
B,Corridor,238,18.25
B,Corridor,239,16.29
B,Corridor,240,13.89
B,Corridor,241,15.99
B,Corridor,242,15.92
B,Corridor,243,15.51
B,Corridor,244,14.9
B,Corridor,245,15.62
B,Corridor,246,15.84
B,Corridor,247,17.64
B,Corridor,248,13.49
B,Corridor,249,17.15
B,Corridor,250,53.16
B,Corridor,251,16.82
B,Corridor,252,13.98
B,Corridor,253,17.09
B,Corridor,254,16.07
B,Corridor,255,18.08
B,Corridor,256,17.64
B,Corridor,257,18.61
B,Corridor,258,15.68
B,Corridor,259,15.82
B,Corridor,260,16.47
B,Corridor,261,16.28
B,Corridor,262,15.72
B,Corridor,263,15.33
B,Corridor,264,14.98
B,Corridor,265,16.8
B,Corridor,266,16.91
B,Corridor,267,17.72
B,Corridor,268,17.03
B,Corridor,269,15.92
B,Corridor,270,16.68
B,Corridor,271,16.3
B,Corridor,272,15.5
B,Corridor,273,16.03
B,Corridor,274,16.93
B,Corridor,275,45.19
B,Corridor,276,16.6
B,Corridor,277,15.57
B,Corridor,278,17.88
B,Corridor,279,15.05
B,Corridor,280,17.26
B,Corridor,281,17
B,Corridor,282,17.9
B,Corridor,283,17.74
B,Corridor,284,16.59
B,Corridor,285,17.27
B,Corridor,286,15.94
B,Corridor,287,16.16
B,Corridor,288,16.99
B,Corridor,289,18.1
B,Corridor,290,15.4
B,Corridor,291,15.97
B,Corridor,292,17.24
B,Corridor,293,14.43
B,Corridor,294,17.23
B,Corridor,295,14.85
B,Corridor,296,16.69
B,Corridor,297,16.7
B,Corridor,298,15.31
B,Corridor,299,17.28
B,Corridor,300,48.54
B,Corridor,301,16.66
B,Corridor,302,15.72
B,Corridor,303,16.57
B,Corridor,304,16.07
B,Corridor,305,16.44
B,Corridor,306,16.1
B,Corridor,307,15.88
B,Corridor,308,15.96
B,Corridor,309,17.05
B,Corridor,310,16.65
B,Corridor,311,15.86
B,Corridor,312,18.21
B,Corridor,313,16.5
B,Corridor,314,16.73
B,Corridor,315,17.84
B,Corridor,316,15.37
B,Corridor,317,17.05
B,Corridor,318,17.69
B,Corridor,319,16.7
B,Corridor,320,15.41
B,Corridor,321,17.05
B,Corridor,322,16.07
B,Corridor,323,16.43
B,Corridor,324,17.75
B,Corridor,325,39.3
B,Corridor,326,17.38
B,Corridor,327,15.38
B,Corridor,328,15.92
B,Corridor,329,16.38
B,Corridor,330,17.42
B,Corridor,331,16.31
B,Corridor,332,16.96
B,Corridor,333,17.47
B,Corridor,334,15.45
B,Corridor,335,16.67
B,Corridor,336,15.32
B,Corridor,337,17.1
B,Corridor,338,14.24
B,Corridor,339,16.93
B,Corridor,340,17.94
B,Corridor,341,17.52
B,Corridor,342,16.88
B,Corridor,343,16.83
B,Corridor,344,16.2
B,Corridor,345,15.14
B,Corridor,346,16.88
B,Corridor,347,16.27
B,Corridor,348,16.66
B,Corridor,349,17.46
B,Corridor,350,47.04
B,Corridor,351,17.14
B,Corridor,352,17.52
B,Corridor,353,16.8
B,Corridor,354,17.11
B,Corridor,355,15.1
B,Corridor,356,16.52
B,Corridor,357,14
B,Corridor,358,15.96
B,Corridor,359,17.39
B,Corridor,360,15.54
B,Corridor,361,16.65
B,Corridor,362,18.46
B,Corridor,363,16.79
B,Corridor,364,16.71
B,Corridor,365,16.79
B,Corridor,366,15.73
B,Corridor,367,17.18
B,Corridor,368,17.94
B,Corridor,369,16.04
B,Corridor,370,15.89
B,Corridor,371,15.75
B,Corridor,372,14.72
B,Corridor,373,17.24
B,Corridor,374,16.74
B,Corridor,375,52.15
B,Corridor,376,16.43
B,Corridor,377,17.74
B,Corridor,378,15.89
B,Corridor,379,16.84
B,Corridor,380,16.99
B,Corridor,381,16.92
B,Corridor,382,17.13
B,Corridor,383,16.25
B,Corridor,384,15.97
B,Corridor,385,16.01
B,Corridor,386,16.29
B,Corridor,387,16.93
B,Corridor,388,15.52
B,Corridor,389,16.34
B,Corridor,390,14.95
B,Corridor,391,16.83
B,Corridor,392,16.89
B,Corridor,393,16.66
B,Corridor,394,15.96
B,Corridor,395,16.2
B,Corridor,396,15.96
B,Corridor,397,17.02
B,Corridor,398,16.86
B,Corridor,399,17.61
B,Corridor,400,52.22
B,Corridor,401,18.07
B,Corridor,402,17.81
B,Corridor,403,16.39
B,Corridor,404,16.78
B,Corridor,405,15.92
B,Corridor,406,16.42
B,Corridor,407,15.77
B,Corridor,408,17.23
B,Corridor,409,15.87
B,Corridor,410,16.12
B,Corridor,411,16.87
B,Corridor,412,16.91
B,Corridor,413,16.76
B,Corridor,414,16.62
B,Corridor,415,15.75
B,Corridor,416,17.14
B,Corridor,417,16.47
B,Corridor,418,15.91
B,Corridor,419,17.71
B,Corridor,420,17.04
B,Corridor,421,16.47
B,Corridor,422,16.11
B,Corridor,423,18.04
B,Corridor,424,17.56
B,Corridor,425,44.47
B,Corridor,426,17.11
B,Corridor,427,17.13
B,Corridor,428,16.06
B,Corridor,429,17.16
B,Corridor,430,15.92
B,Corridor,431,15.66
B,Corridor,432,17.17
B,Corridor,433,18.05
B,Corridor,434,18.02
B,Corridor,435,16.15
B,Corridor,436,16.61
B,Corridor,437,18.07
B,Corridor,438,17.03
B,Corridor,439,18.93
B,Corridor,440,16.45
B,Corridor,441,19.56
B,Corridor,442,14.35
B,Corridor,443,17.26
B,Corridor,444,15.33
B,Corridor,445,17.3
B,Corridor,446,17.48
B,Corridor,447,14.73
B,Corridor,448,18.02
B,Corridor,449,16.58
B,Corridor,450,46.79
B,Corridor,451,16.46
B,Corridor,452,15.41
B,Corridor,453,17.3
B,Corridor,454,17.33
B,Corridor,455,17.48
B,Corridor,456,15.76
B,Corridor,457,15.94
B,Corridor,458,17.02
B,Corridor,459,17.05
B,Corridor,460,14.43
B,Corridor,461,15.38
B,Corridor,462,14.27
B,Corridor,463,16.77
B,Corridor,464,16.98
B,Corridor,465,16.94
B,Corridor,466,16.14
B,Corridor,467,16.97
B,Corridor,468,17.24
B,Corridor,469,17.03
B,Corridor,470,18.05
B,Corridor,471,17.85
B,Corridor,472,15.25
B,Corridor,473,17.35
B,Corridor,474,16.09
B,Corridor,475,40.41
B,Corridor,476,19.48
B,Corridor,477,18.46
B,Corridor,478,15.56
B,Corridor,479,16.85
B,Corridor,480,17.84
B,Corridor,481,15.92
B,Corridor,482,16.6
B,Corridor,483,15.83
B,Corridor,484,13.62
B,Corridor,485,16.52
B,Corridor,486,16.84
B,Corridor,487,13.76
B,Corridor,488,17.18
B,Corridor,489,15.63
B,Corridor,490,16.61
B,Corridor,491,15.92
B,Corridor,492,17.53
B,Corridor,493,15.54
B,Corridor,494,16.64
B,Corridor,495,15.9
B,Corridor,496,16.18
B,Corridor,497,15.32
B,Corridor,498,16.27
B,Corridor,499,15.14
B,Corridor,500,35.76
B,Corridor,501,15.1
B,Corridor,502,16.14
B,Corridor,503,16.29
B,Corridor,504,19.53
B,Corridor,505,16.96
B,Corridor,506,16.06
B,Corridor,507,18.5
B,Corridor,508,15.49
B,Corridor,509,14.96
B,Corridor,510,17.31
B,Corridor,511,16.27
B,Corridor,512,17.7
B,Corridor,513,15.94
B,Corridor,514,16.79
B,Corridor,515,16.43
B,Corridor,516,13.78
B,Corridor,517,18.05
B,Corridor,518,15.17
B,Corridor,519,16.31
B,Corridor,520,15.08
B,Corridor,521,16.32
B,Corridor,522,17.6
B,Corridor,523,17.4
B,Corridor,524,16.95
B,Corridor,525,38.99
B,Corridor,526,19.23
B,Corridor,527,19.03
B,Corridor,528,16.6
B,Corridor,529,16.97
B,Corridor,530,16.76
B,Corridor,531,17.49
B,Corridor,532,16.43
B,Corridor,533,16.83
B,Corridor,534,15.46
B,Corridor,535,16.16
B,Corridor,536,16.49
B,Corridor,537,18.04
B,Corridor,538,15.21
B,Corridor,539,18.72
B,Corridor,540,16.42
B,Corridor,541,14.58
B,Corridor,542,15.68
B,Corridor,543,16.27
B,Corridor,544,15.77
B,Corridor,545,18.17
B,Corridor,546,17.87
B,Corridor,547,16.18
B,Corridor,548,15.69
B,Corridor,549,17.2
B,Corridor,550,50.98
B,Corridor,551,15.08
B,Corridor,552,17.44
B,Corridor,553,16.34
B,Corridor,554,15.32
B,Corridor,555,17.3
B,Corridor,556,17.44
B,Corridor,557,17.39
B,Corridor,558,15.75
B,Corridor,559,13.49
B,Corridor,560,17.25
B,Corridor,561,16.65
B,Corridor,562,18.63
B,Corridor,563,17.78
B,Corridor,564,16.39
B,Corridor,565,15.16
B,Corridor,566,17.18
B,Corridor,567,16.57
B,Corridor,568,17.12
B,Corridor,569,17.34
B,Corridor,570,15.63
B,Corridor,571,17.34
B,Corridor,572,15.62
B,Corridor,573,16.31
B,Corridor,574,15.14
B,Corridor,575,49.63
B,Corridor,576,14.86
B,Corridor,577,16.75
B,Corridor,578,17.13
B,Corridor,579,16.76
B,Corridor,580,16.51
B,Corridor,581,15.89
B,Corridor,582,16.82
B,Corridor,583,16.74
B,Corridor,584,18.38
B,Corridor,585,15.99
B,Corridor,586,15
B,Corridor,587,16.5
B,Corridor,588,15
B,Corridor,589,16.85
B,Corridor,590,15.46
B,Corridor,591,16.49
B,Corridor,592,17.43
B,Corridor,593,16.76
B,Corridor,594,17.75
B,Corridor,595,15.57
B,Corridor,596,18.09
B,Corridor,597,17.02
B,Corridor,598,16.42
B,Corridor,599,14.7
B,Corridor,600,42.62
B,Corridor,601,18.01
B,Corridor,602,15.48
B,Corridor,603,16.24
B,Corridor,604,16.76
B,Corridor,605,16.33
B,Corridor,606,15.76
B,Corridor,607,16.83
B,Corridor,608,16.79
B,Corridor,609,19.08
B,Corridor,610,16.69
B,Corridor,611,16.28
B,Corridor,612,15.35
B,Corridor,613,17.63
B,Corridor,614,18.53
B,Corridor,615,14.88
B,Corridor,616,15.91
B,Corridor,617,16.15
B,Corridor,618,16.62
B,Corridor,619,16.69
B,Corridor,620,16.14
B,Corridor,621,16.72
B,Corridor,622,16.23
B,Corridor,623,15.46
B,Corridor,624,14.69
B,Corridor,625,43.32
B,Corridor,626,15.35
B,Corridor,627,16.09
B,Corridor,628,15.6
B,Corridor,629,15.88
B,Corridor,630,14.17
B,Corridor,631,16.9
B,Corridor,632,15.21
B,Corridor,633,16.18
B,Corridor,634,16.19
B,Corridor,635,16.8
B,Corridor,636,16.51
B,Corridor,637,17.17
B,Corridor,638,17.61
B,Corridor,639,16.8
B,Corridor,640,15.93
B,Corridor,641,16.79
B,Corridor,642,16.97
B,Corridor,643,15.98
B,Corridor,644,15.81
B,Corridor,645,16.73
B,Corridor,646,16.31
B,Corridor,647,16.13
B,Corridor,648,17.17
B,Corridor,649,18.24
B,Corridor,650,52.88
B,Corridor,651,15.72
B,Corridor,652,14.67
B,Corridor,653,18.4
B,Corridor,654,17.11
B,Corridor,655,15.12
B,Corridor,656,14.82
B,Corridor,657,16.8
B,Corridor,658,16.41
B,Corridor,659,15.13
B,Corridor,660,15.97
B,Corridor,661,17.05
B,Corridor,662,16.59
B,Corridor,663,16.55
B,Corridor,664,16.82
B,Corridor,665,16.56
B,Corridor,666,15.8
B,Corridor,667,15.63
B,Corridor,668,15.25
B,Corridor,669,16.34
B,Corridor,670,16.79
B,Corridor,671,16.58
B,Corridor,672,16.34
B,Corridor,673,16
B,Corridor,674,15.92
B,Corridor,675,35.3
B,Corridor,676,15.63
B,Corridor,677,17.73
B,Corridor,678,17.02
B,Corridor,679,17.22
B,Corridor,680,17.22
B,Corridor,681,15.11
B,Corridor,682,17.72
B,Corridor,683,18.1
B,Corridor,684,16.43
B,Corridor,685,16.66
B,Corridor,686,17.52
B,Corridor,687,17.44
B,Corridor,688,16.39
B,Corridor,689,16.65
B,Corridor,690,18.38
B,Corridor,691,15.62
B,Corridor,692,17.07
B,Corridor,693,16.25
B,Corridor,694,17.78
B,Corridor,695,16.95
B,Corridor,696,16.86
B,Corridor,697,16.4
B,Corridor,698,16.2
B,Corridor,699,17.56
B,Corridor,700,39.37
B,Corridor,701,17.49
B,Corridor,702,15.97
B,Corridor,703,16.87
B,Corridor,704,17.34
B,Corridor,705,15.32
B,Corridor,706,14.88
B,Corridor,707,16.23
B,Corridor,708,15.62
B,Corridor,709,17.24
B,Corridor,710,16.76
B,Corridor,711,15.92
B,Corridor,712,16.34
B,Corridor,713,16.27
B,Corridor,714,16.46
B,Corridor,715,16.35
B,Corridor,716,17.89
B,Corridor,717,15.91
B,Corridor,718,17.21
B,Corridor,719,15.07
B,Corridor,720,16.39
B,Corridor,721,17.88
B,Corridor,722,17.54
B,Corridor,723,16.88
B,Corridor,724,18.17
B,Corridor,725,40.14
B,Corridor,726,18.49
B,Corridor,727,17.49
B,Corridor,728,17.72
B,Corridor,729,15.96
B,Corridor,730,14.96
B,Corridor,731,17.35
B,Corridor,732,17.25
B,Corridor,733,16.42
B,Corridor,734,17.67
B,Corridor,735,17.12
B,Corridor,736,15.87
B,Corridor,737,16.29
B,Corridor,738,18.51
B,Corridor,739,17.55
B,Corridor,740,17.93
B,Corridor,741,16.02
B,Corridor,742,15.88
B,Corridor,743,16.19
B,Corridor,744,15.64
B,Corridor,745,17.14
B,Corridor,746,14.69
B,Corridor,747,15.96
B,Corridor,748,16.1
B,Corridor,749,18.04
B,Corridor,750,52.32
B,Corridor,751,16.89
B,Corridor,752,16.1
B,Corridor,753,16.54
B,Corridor,754,17.6
B,Corridor,755,16.1
B,Corridor,756,17.28
B,Corridor,757,16.58
B,Corridor,758,17.77
B,Corridor,759,16.3
B,Corridor,760,18.55
B,Corridor,761,17.7
B,Corridor,762,16.22
B,Corridor,763,16.54
B,Corridor,764,17.78
B,Corridor,765,16.25
B,Corridor,766,14.56
B,Corridor,767,15.34
B,Corridor,768,16.31
B,Corridor,769,15.97
B,Corridor,770,15.87
B,Corridor,771,18.24
B,Corridor,772,17.6
B,Corridor,773,16.4
B,Corridor,774,16.75
B,Corridor,775,41
B,Corridor,776,15.16
B,Corridor,777,15.8
B,Corridor,778,18.09
B,Corridor,779,16.53
B,Corridor,780,16.32
B,Corridor,781,16.59
B,Corridor,782,17.7
B,Corridor,783,17.07
B,Corridor,784,16.14
B,Corridor,785,14.17
B,Corridor,786,16.43
B,Corridor,787,16.33
B,Corridor,788,15.24
B,Corridor,789,15.23
B,Corridor,790,16.6
B,Corridor,791,16.92
B,Corridor,792,17.71
B,Corridor,793,14.81
B,Corridor,794,15.66
B,Corridor,795,16.84
B,Corridor,796,16.65
B,Corridor,797,15.33
B,Corridor,798,16.88
B,Corridor,799,15.25
B,Corridor,800,45.43
B,Corridor,801,15.63
B,Corridor,802,16.89
B,Corridor,803,18.75
B,Corridor,804,17.37
B,Corridor,805,17.05
B,Corridor,806,17.3
B,Corridor,807,16.76
B,Corridor,808,16.49
B,Corridor,809,16.67
B,Corridor,810,15.39
B,Corridor,811,16.82
B,Corridor,812,17.11
B,Corridor,813,14.84
B,Corridor,814,14.66
B,Corridor,815,15.14
B,Corridor,816,18.26
B,Corridor,817,17.57
B,Corridor,818,17.59
B,Corridor,819,17.65
B,Corridor,820,15.66
B,Corridor,821,16.27
B,Corridor,822,16.38
B,Corridor,823,18.41
B,Corridor,824,17.1
B,Corridor,825,36.69
B,Corridor,826,16.57
B,Corridor,827,13.72
B,Corridor,828,16.89
B,Corridor,829,16.77
B,Corridor,830,16.53
B,Corridor,831,15
B,Corridor,832,15.76
B,Corridor,833,14.12
B,Corridor,834,16.29
B,Corridor,835,16.63
B,Corridor,836,16.68
B,Corridor,837,15.59
B,Corridor,838,16.56
B,Corridor,839,16.16
B,Corridor,840,15.85
B,Corridor,841,16.66
B,Corridor,842,15.84
B,Corridor,843,16.73
B,Corridor,844,15.94
B,Corridor,845,15.61
B,Corridor,846,18.57
B,Corridor,847,14.66
B,Corridor,848,18.84
B,Corridor,849,16.25
B,Corridor,850,50.33
B,Corridor,851,17.04
B,Corridor,852,16.79
B,Corridor,853,14.36
B,Corridor,854,17.62
B,Corridor,855,16.33
B,Corridor,856,17.65
B,Corridor,857,16.4
B,Corridor,858,15.42
B,Corridor,859,16.85
B,Corridor,860,16.71
B,Corridor,861,14.63
B,Corridor,862,16.91
B,Corridor,863,15.74
B,Corridor,864,16.7
B,Corridor,865,17.21
B,Corridor,866,15.9
B,Corridor,867,15.83
B,Corridor,868,16.28
B,Corridor,869,16.09
B,Corridor,870,16.55
B,Corridor,871,18.08
B,Corridor,872,17.38
B,Corridor,873,18.21
B,Corridor,874,17.52
B,Corridor,875,42.88
B,Corridor,876,16.22
B,Corridor,877,16.69
B,Corridor,878,15.93
B,Corridor,879,14.1
B,Corridor,880,17.68
B,Corridor,881,17.73
B,Corridor,882,16.44
B,Corridor,883,17.79
B,Corridor,884,17.46
B,Corridor,885,14.44
B,Corridor,886,16.24
B,Corridor,887,15.25
B,Corridor,888,14.58
B,Corridor,889,17.04
B,Corridor,890,15.78
B,Corridor,891,16.5
B,Corridor,892,17.64
B,Corridor,893,15.68
B,Corridor,894,14.82
B,Corridor,895,15
B,Corridor,896,18.21
B,Corridor,897,16.81
B,Corridor,898,15.76
B,Corridor,899,16.78
B,Corridor,900,36.68
B,Corridor,901,17.5
B,Corridor,902,16.51
B,Corridor,903,15.72
B,Corridor,904,16.37
B,Corridor,905,16.69
B,Corridor,906,17.66
B,Corridor,907,15.42
B,Corridor,908,15.9
B,Corridor,909,17.96
B,Corridor,910,14.29
B,Corridor,911,16.18
B,Corridor,912,16.35
B,Corridor,913,16.91
B,Corridor,914,15.49
B,Corridor,915,14.89
B,Corridor,916,18.96
B,Corridor,917,16.02
B,Corridor,918,19.88
B,Corridor,919,15.95
B,Corridor,920,17.24
B,Corridor,921,18.42
B,Corridor,922,16.2
B,Corridor,923,16.87
B,Corridor,924,16.62
B,Corridor,925,35.45
B,Corridor,926,16.59
B,Corridor,927,16.75
B,Corridor,928,17.53
B,Corridor,929,16.92
B,Corridor,930,14.12
B,Corridor,931,16.63
B,Corridor,932,18.05
B,Corridor,933,16.67
B,Corridor,934,18.49
B,Corridor,935,13.69
B,Corridor,936,16.32
B,Corridor,937,18.15
B,Corridor,938,15.12
B,Corridor,939,15.28
B,Corridor,940,17.09
B,Corridor,941,15.91
B,Corridor,942,16.77
B,Corridor,943,16.8
B,Corridor,944,18.05
B,Corridor,945,16.47
B,Corridor,946,17.36
B,Corridor,947,14.27
B,Corridor,948,16.69
B,Corridor,949,17.06
B,Corridor,950,33.58
B,Corridor,951,16.01
B,Corridor,952,17.07
B,Corridor,953,16.65
B,Corridor,954,14.44
B,Corridor,955,16.38
B,Corridor,956,15.8
B,Corridor,957,16.52
B,Corridor,958,18.13
B,Corridor,959,18.29
B,Corridor,960,16.79
B,Corridor,961,16.96
B,Corridor,962,15.69
B,Corridor,963,14.69
B,Corridor,964,16.77
B,Corridor,965,13.61
B,Corridor,966,17.39
B,Corridor,967,16
B,Corridor,968,15.7
B,Corridor,969,18.84
B,Corridor,970,16.04
B,Corridor,971,18.18
B,Corridor,972,17.06
B,Corridor,973,17.07
B,Corridor,974,16.07
B,Corridor,975,54.2
B,Corridor,976,15.57
B,Corridor,977,15.34
B,Corridor,978,15.41
B,Corridor,979,16.57
B,Corridor,980,17.4
B,Corridor,981,14.56
B,Corridor,982,17.6
B,Corridor,983,17.61
B,Corridor,984,15.24
B,Corridor,985,18.56
B,Corridor,986,17.3
B,Corridor,987,15.02
B,Corridor,988,17.49
B,Corridor,989,17.34
B,Corridor,990,15.12
B,Corridor,991,17.14
B,Corridor,992,15.77
B,Corridor,993,16.58
B,Corridor,994,16.59
B,Corridor,995,17.47
B,Corridor,996,14.86
B,Corridor,997,17.6
B,Corridor,998,16.52
B,Corridor,999,14.28
B,Corridor,1000,45.46
B,Corridor,1001,16.74
B,Corridor,1002,16.75
B,Corridor,1003,16.71
B,Corridor,1004,14.44
B,Corridor,1005,16.74
B,Corridor,1006,17.06
B,Corridor,1007,16.32
B,Corridor,1008,16.77
B,Corridor,1009,17.5
B,Corridor,1010,16.35
B,Corridor,1011,15.07
B,Corridor,1012,16.25
B,Corridor,1013,17.9
B,Corridor,1014,16.1
B,Corridor,1015,18.13
B,Corridor,1016,16.07
B,Corridor,1017,15.83
B,Corridor,1018,18.34
B,Corridor,1019,17.22
B,Corridor,1020,16.81
B,Corridor,1021,15.72
B,Corridor,1022,14.72
B,Corridor,1023,17.24
B,Corridor,1024,17.3
B,Corridor,1025,44.23
B,Corridor,1026,17.38
B,Corridor,1027,18.44
B,Corridor,1028,15.39
B,Corridor,1029,16.76
B,Corridor,1030,18.24
B,Corridor,1031,15.63
B,Corridor,1032,16.92
B,Corridor,1033,16.19
B,Corridor,1034,15.04
B,Corridor,1035,16.79
B,Corridor,1036,16.09
B,Corridor,1037,15.23
B,Corridor,1038,15.95
B,Corridor,1039,17.36
B,Corridor,1040,15.88
B,Corridor,1041,15.1
B,Corridor,1042,17.39
B,Corridor,1043,17.29
B,Corridor,1044,16.16
B,Corridor,1045,17.73
B,Corridor,1046,16.59
B,Corridor,1047,15.14
B,Corridor,1048,14.97
B,Corridor,1049,16.99
B,Corridor,1050,52.23
B,Corridor,1051,16.33
B,Corridor,1052,15.52
B,Corridor,1053,16.2
B,Corridor,1054,15.88
B,Corridor,1055,16.87
B,Corridor,1056,16.43
B,Corridor,1057,17.91
B,Corridor,1058,15.27
B,Corridor,1059,15.33
B,Corridor,1060,15.15
B,Corridor,1061,15.79
B,Corridor,1062,15.64
B,Corridor,1063,14.01
B,Corridor,1064,16.72
B,Corridor,1065,16.49
B,Corridor,1066,14.74
B,Corridor,1067,15.53
B,Corridor,1068,15.59
B,Corridor,1069,16.13
B,Corridor,1070,16.91
B,Corridor,1071,16.91
B,Corridor,1072,16.83
B,Corridor,1073,16.34
B,Corridor,1074,16.58
B,Corridor,1075,45.48
B,Corridor,1076,17.66
B,Corridor,1077,15.37
B,Corridor,1078,18.04
B,Corridor,1079,15.64
B,Corridor,1080,15.9
B,Corridor,1081,17.5
B,Corridor,1082,16.76
B,Corridor,1083,17.16
B,Corridor,1084,16.35
B,Corridor,1085,15.75
B,Corridor,1086,17.46
B,Corridor,1087,16.73
B,Corridor,1088,14.81
B,Corridor,1089,16.91
B,Corridor,1090,18.82
B,Corridor,1091,17.25
B,Corridor,1092,16.53
B,Corridor,1093,17.24
B,Corridor,1094,18.35
B,Corridor,1095,17.14
B,Corridor,1096,16.19
B,Corridor,1097,17.53
B,Corridor,1098,15.3
B,Corridor,1099,17.88
B,Corridor,1100,44.18
B,Corridor,1101,19.02
B,Corridor,1102,16.66
B,Corridor,1103,17.26
B,Corridor,1104,15.25
B,Corridor,1105,17.38
B,Corridor,1106,18.06
B,Corridor,1107,16.84
B,Corridor,1108,16.7
B,Corridor,1109,17.16
B,Corridor,1110,16.9
B,Corridor,1111,17.21
B,Corridor,1112,16.94
B,Corridor,1113,16.73
B,Corridor,1114,15.49
B,Corridor,1115,14.97
B,Corridor,1116,15.63
B,Corridor,1117,17.69
B,Corridor,1118,16.4
B,Corridor,1119,17.55
B,Corridor,1120,16.15
B,Corridor,1121,16.78
B,Corridor,1122,17.71
B,Corridor,1123,16.98
B,Corridor,1124,15.89
B,Corridor,1125,38.88
B,Corridor,1126,17.56
B,Corridor,1127,16
B,Corridor,1128,16.85
B,Corridor,1129,15.19
B,Corridor,1130,15.3
B,Corridor,1131,17.83
B,Corridor,1132,17.47
B,Corridor,1133,17.58
B,Corridor,1134,16.66
B,Corridor,1135,15.76
B,Corridor,1136,17.65
B,Corridor,1137,15.28
B,Corridor,1138,18.87
B,Corridor,1139,18.15
B,Corridor,1140,17.98
B,Corridor,1141,15.19
B,Corridor,1142,16.55
B,Corridor,1143,17.75
B,Corridor,1144,16.66
B,Corridor,1145,16.58
B,Corridor,1146,16.43
B,Corridor,1147,15.95
B,Corridor,1148,15
B,Corridor,1149,15.64
B,Corridor,1150,39.45
B,Corridor,1151,16.34
B,Corridor,1152,15.09
B,Corridor,1153,17.76
B,Corridor,1154,15.45
B,Corridor,1155,16.44
B,Corridor,1156,16.88
B,Corridor,1157,17.25
B,Corridor,1158,17.16
B,Corridor,1159,15.89
B,Corridor,1160,15.9
B,Corridor,1161,16.88
B,Corridor,1162,15.98
B,Corridor,1163,15.98
B,Corridor,1164,15.31
B,Corridor,1165,16.74
B,Corridor,1166,16.81
B,Corridor,1167,17.34
B,Corridor,1168,17.43
B,Corridor,1169,16.54
B,Corridor,1170,16.34
B,Corridor,1171,15.74
B,Corridor,1172,14.77
B,Corridor,1173,15.31
B,Corridor,1174,16.05
B,Corridor,1175,48.26
B,Corridor,1176,16.86
B,Corridor,1177,16.31
B,Corridor,1178,17.52
B,Corridor,1179,17.13
B,Corridor,1180,17.4
B,Corridor,1181,17.19
B,Corridor,1182,16.73
B,Corridor,1183,16.88
B,Corridor,1184,17.25
B,Corridor,1185,16.52
B,Corridor,1186,17.95
B,Corridor,1187,16.36
B,Corridor,1188,16.55
B,Corridor,1189,17.2
B,Corridor,1190,16.06
B,Corridor,1191,15.48
B,Corridor,1192,17.45
B,Corridor,1193,15.77
B,Corridor,1194,16.85
B,Corridor,1195,17.92
B,Corridor,1196,18.65
B,Corridor,1197,17.16
B,Corridor,1198,16.58
B,Corridor,1199,15.06
B,Corridor,1200,43.02
B,Corridor,1201,16.5
B,Corridor,1202,17.84
B,Corridor,1203,17.58
B,Corridor,1204,17.28
B,Corridor,1205,16.96
B,Corridor,1206,16.28
B,Corridor,1207,15.47
B,Corridor,1208,17.99
B,Corridor,1209,17.77
B,Corridor,1210,16.02
B,Corridor,1211,18.16
B,Corridor,1212,16.51
B,Corridor,1213,18.92
B,Corridor,1214,17.01
B,Corridor,1215,17.99
B,Corridor,1216,15.96
B,Corridor,1217,15.42
B,Corridor,1218,18.72
B,Corridor,1219,16.79
B,Corridor,1220,17.87
B,Corridor,1221,17.19
B,Corridor,1222,16.18
B,Corridor,1223,16.82
B,Corridor,1224,16.45
B,Corridor,1225,41.38
B,Corridor,1226,15.36
B,Corridor,1227,16.31
B,Corridor,1228,15.49
B,Corridor,1229,17.6
B,Corridor,1230,16.44
B,Corridor,1231,16.32
B,Corridor,1232,18.22
B,Corridor,1233,17.06
B,Corridor,1234,16.99
B,Corridor,1235,16.7
B,Corridor,1236,16.21
B,Corridor,1237,15.32
B,Corridor,1238,17.94
B,Corridor,1239,18.18
B,Corridor,1240,14.47
B,Corridor,1241,16.1
B,Corridor,1242,15.46
B,Corridor,1243,16.51
B,Corridor,1244,15.32
B,Corridor,1245,16.31
B,Corridor,1246,15.28
B,Corridor,1247,15.42
B,Corridor,1248,16.02
B,Corridor,1249,17.98
B,Corridor,1250,49.22
B,Corridor,1251,16.89
B,Corridor,1252,15.25
B,Corridor,1253,17.98
B,Corridor,1254,16.26
B,Corridor,1255,16.09
B,Corridor,1256,18.24
B,Corridor,1257,17.27
B,Corridor,1258,16.22
B,Corridor,1259,15.68
B,Corridor,1260,15.04
B,Corridor,1261,15.74
B,Corridor,1262,17.8
B,Corridor,1263,17.87
B,Corridor,1264,16.68
B,Corridor,1265,17.98
B,Corridor,1266,16.34
B,Corridor,1267,14.33
B,Corridor,1268,17.02
B,Corridor,1269,19
B,Corridor,1270,16.63
B,Corridor,1271,17.69
B,Corridor,1272,16.89
B,Corridor,1273,17.65
B,Corridor,1274,15.73
B,Corridor,1275,46.64
B,Corridor,1276,15.52
B,Corridor,1277,18.79
B,Corridor,1278,15.41
B,Corridor,1279,15.98
B,Corridor,1280,17.13
B,Corridor,1281,16.26
B,Corridor,1282,17.9
B,Corridor,1283,16.21
B,Corridor,1284,14.99
B,Corridor,1285,16.74
B,Corridor,1286,17.26
B,Corridor,1287,18.99
B,Corridor,1288,16.98
B,Corridor,1289,15.97
B,Corridor,1290,16.66
B,Corridor,1291,17.77
B,Corridor,1292,15.25
B,Corridor,1293,17.15
B,Corridor,1294,17.65
B,Corridor,1295,15.47
B,Corridor,1296,17.21
B,Corridor,1297,16.44
B,Corridor,1298,16.32
B,Corridor,1299,15.47
B,Corridor,1300,35.84
B,Corridor,1301,15.36
B,Corridor,1302,15.75
B,Corridor,1303,16.94
B,Corridor,1304,17.22
B,Corridor,1305,16.55
B,Corridor,1306,16.66
B,Corridor,1307,17.21
B,Corridor,1308,16.98
B,Corridor,1309,16.79
B,Corridor,1310,19.28
B,Corridor,1311,15.29
B,Corridor,1312,15.48
B,Corridor,1313,17.62
B,Corridor,1314,16.02
B,Corridor,1315,18.34
B,Corridor,1316,17.42
B,Corridor,1317,16.44
B,Corridor,1318,15.83
B,Corridor,1319,17.65
B,Corridor,1320,17.3
B,Corridor,1321,16.72
B,Corridor,1322,15.89
B,Corridor,1323,17.42
B,Corridor,1324,16.11
B,Corridor,1325,53.66
B,Corridor,1326,16.58
B,Corridor,1327,16.76
B,Corridor,1328,16.94
B,Corridor,1329,18.67
B,Corridor,1330,15.61
B,Corridor,1331,14.58
B,Corridor,1332,16.92
B,Corridor,1333,16.11
B,Corridor,1334,15.91
B,Corridor,1335,15.72
B,Corridor,1336,16.15
B,Corridor,1337,17.91
B,Corridor,1338,15.02
B,Corridor,1339,14.88
B,Corridor,1340,16.9
B,Corridor,1341,15.83
B,Corridor,1342,17.27
B,Corridor,1343,17.12
B,Corridor,1344,16.43
B,Corridor,1345,16.44
B,Corridor,1346,17.28
B,Corridor,1347,16.81
B,Corridor,1348,18.98
B,Corridor,1349,15.41
B,Corridor,1350,37.51
B,Corridor,1351,17.19
B,Corridor,1352,15.28
B,Corridor,1353,17.55
B,Corridor,1354,16.84
B,Corridor,1355,18.5
B,Corridor,1356,16.64
B,Corridor,1357,17.28
B,Corridor,1358,16.5
B,Corridor,1359,15.78
B,Corridor,1360,16.6
B,Corridor,1361,16.05
B,Corridor,1362,15.39
B,Corridor,1363,16.33
B,Corridor,1364,17.02
B,Corridor,1365,16.71
B,Corridor,1366,15.56
B,Corridor,1367,16.86
B,Corridor,1368,18.17
B,Corridor,1369,18.11
B,Corridor,1370,18
B,Corridor,1371,16.66
B,Corridor,1372,18.3
B,Corridor,1373,16.09
B,Corridor,1374,16.72
B,Corridor,1375,41.18
B,Corridor,1376,16.47
B,Corridor,1377,17.11
B,Corridor,1378,15.42
B,Corridor,1379,15.44
B,Corridor,1380,15.46
B,Corridor,1381,16.1
B,Corridor,1382,16.58
B,Corridor,1383,17.93
B,Corridor,1384,15.09
B,Corridor,1385,17.06
B,Corridor,1386,16.58
B,Corridor,1387,15.16
B,Corridor,1388,17.29
B,Corridor,1389,17.17
B,Corridor,1390,16.72
B,Corridor,1391,17.02
B,Corridor,1392,16.92
B,Corridor,1393,17.95
B,Corridor,1394,15.24
B,Corridor,1395,17.64
B,Corridor,1396,17.67
B,Corridor,1397,16.32
B,Corridor,1398,17.27
B,Corridor,1399,16.76
B,Corridor,1400,47.89
B,Corridor,1401,17.85
B,Corridor,1402,15.94
B,Corridor,1403,17.08
B,Corridor,1404,17.64
B,Corridor,1405,15.19
B,Corridor,1406,15.57
B,Corridor,1407,16.46
B,Corridor,1408,14.28
B,Corridor,1409,14.75
B,Corridor,1410,17.03
B,Corridor,1411,18.08
B,Corridor,1412,17.06
B,Corridor,1413,16.51
B,Corridor,1414,14.96
B,Corridor,1415,16.9
B,Corridor,1416,16.95
B,Corridor,1417,15.3
B,Corridor,1418,17.36
B,Corridor,1419,16.73
B,Corridor,1420,16.66
B,Corridor,1421,16.68
B,Corridor,1422,17.71
B,Corridor,1423,16.68
B,Corridor,1424,15.4
B,Corridor,1425,50.49
B,Corridor,1426,16.77
B,Corridor,1427,13.94
B,Corridor,1428,17.05
B,Corridor,1429,16.7
B,Corridor,1430,16.04
B,Corridor,1431,17.83
B,Corridor,1432,16.99
B,Corridor,1433,15.57
B,Corridor,1434,13.96
B,Corridor,1435,17.65
B,Corridor,1436,16.35
B,Corridor,1437,15.89
B,Corridor,1438,14.76
B,Corridor,1439,16.32
B,Corridor,1440,17.25
B,Corridor,1441,16.6
B,Corridor,1442,16.9
B,Corridor,1443,16.74
B,Corridor,1444,16.18
B,Corridor,1445,17.5
B,Corridor,1446,17.25
B,Corridor,1447,16.73
B,Corridor,1448,17.45
B,Corridor,1449,17.85
B,Corridor,1450,36.02
B,Corridor,1451,15.85
B,Corridor,1452,17.32
B,Corridor,1453,17.76
B,Corridor,1454,16.48
B,Corridor,1455,17.14
B,Corridor,1456,13.52
B,Corridor,1457,17.84
B,Corridor,1458,14.8
B,Corridor,1459,17.11
B,Corridor,1460,16.53
B,Corridor,1461,17.56
B,Corridor,1462,17.02
B,Corridor,1463,17.97
B,Corridor,1464,15.92
B,Corridor,1465,16.61
B,Corridor,1466,15.23
B,Corridor,1467,15.92
B,Corridor,1468,15.65
B,Corridor,1469,15.09
B,Corridor,1470,16.16
B,Corridor,1471,17.06
B,Corridor,1472,15.88
B,Corridor,1473,16.42
B,Corridor,1474,16.17
B,Corridor,1475,45.52
B,Corridor,1476,17.05
B,Corridor,1477,16.75
B,Corridor,1478,16.28
B,Corridor,1479,15
B,Corridor,1480,17.79
B,Corridor,1481,16
B,Corridor,1482,16.55
B,Corridor,1483,17.79
B,Corridor,1484,17.38
B,Corridor,1485,15.34
B,Corridor,1486,16.53
B,Corridor,1487,16.56
B,Corridor,1488,16.33
B,Corridor,1489,16.36
B,Corridor,1490,17.24
B,Corridor,1491,15.58
B,Corridor,1492,15.59
B,Corridor,1493,16.56
B,Corridor,1494,17.54
B,Corridor,1495,17.86
B,Corridor,1496,16.72
B,Corridor,1497,15.68
B,Corridor,1498,16.82
B,Corridor,1499,16.36
B,Corridor,1500,43.3
B,Gantry,1,16.44
B,Gantry,2,16.08
B,Gantry,3,18.03
B,Gantry,4,16.45
B,Gantry,5,16.83
B,Gantry,6,16
B,Gantry,7,17.03
B,Gantry,8,15.76
B,Gantry,9,14.2
B,Gantry,10,16.26
B,Gantry,11,14.67
B,Gantry,12,14.82
B,Gantry,13,16.85
B,Gantry,14,17.3
B,Gantry,15,16.53
B,Gantry,16,17.58
B,Gantry,17,16.18
B,Gantry,18,15.61
B,Gantry,19,14.05
B,Gantry,20,16.87
B,Gantry,21,15.17
B,Gantry,22,15.67
B,Gantry,23,15.01
B,Gantry,24,16.44
B,Gantry,25,14.32
B,Gantry,26,18.55
B,Gantry,27,15.28
B,Gantry,28,16.27
B,Gantry,29,16.8
B,Gantry,30,16.03
B,Gantry,31,16.56
B,Gantry,32,16.18
B,Gantry,33,17.62
B,Gantry,34,16.98
B,Gantry,35,17.3
B,Gantry,36,17.85
B,Gantry,37,15.68
B,Gantry,38,15.07
B,Gantry,39,15.73
B,Gantry,40,16.87
B,Gantry,41,16.35
B,Gantry,42,19.54
B,Gantry,43,15.97
B,Gantry,44,17.03
B,Gantry,45,15.35
B,Gantry,46,16.89
B,Gantry,47,15.36
B,Gantry,48,15.44
B,Gantry,49,15.98
B,Gantry,50,16.01
B,Gantry,51,15.66
B,Gantry,52,17.65
B,Gantry,53,16.71
B,Gantry,54,16.47
B,Gantry,55,17.58
B,Gantry,56,19.09
B,Gantry,57,16.54
B,Gantry,58,19.21
B,Gantry,59,16.29
B,Gantry,60,16.8
B,Gantry,61,15.11
B,Gantry,62,16.91
B,Gantry,63,16.44
B,Gantry,64,16.46
B,Gantry,65,17.96
B,Gantry,66,15.97
B,Gantry,67,16.53
B,Gantry,68,15.89
B,Gantry,69,15.11
B,Gantry,70,17.9
B,Gantry,71,15.53
B,Gantry,72,15.68
B,Gantry,73,17.35
B,Gantry,74,16.58
B,Gantry,75,16.73
B,Gantry,76,17.91
B,Gantry,77,16.02
B,Gantry,78,18.72
B,Gantry,79,16.66
B,Gantry,80,17.64
B,Gantry,81,16.9
B,Gantry,82,15.87
B,Gantry,83,16.88
B,Gantry,84,17.26
B,Gantry,85,17.24
B,Gantry,86,17.72
B,Gantry,87,15.97
B,Gantry,88,15.2
B,Gantry,89,17.28
B,Gantry,90,15.95
B,Gantry,91,13.68
B,Gantry,92,16.26
B,Gantry,93,16.2
B,Gantry,94,15.53
B,Gantry,95,18.17
B,Gantry,96,16.56
B,Gantry,97,15.7
B,Gantry,98,17.35
B,Gantry,99,15.15
B,Gantry,100,16.27
B,Gantry,101,16.4
B,Gantry,102,18.32
B,Gantry,103,16.92
B,Gantry,104,15.33
B,Gantry,105,15.84
B,Gantry,106,17.79
B,Gantry,107,16.42
B,Gantry,108,14.42
B,Gantry,109,16.25
B,Gantry,110,19.6
B,Gantry,111,14.86
B,Gantry,112,16.41
B,Gantry,113,17.72
B,Gantry,114,16.27
B,Gantry,115,16.3
B,Gantry,116,18.48
B,Gantry,117,16.37
B,Gantry,118,16.97
B,Gantry,119,16.75
B,Gantry,120,15.33
B,Gantry,121,17.51
B,Gantry,122,16.91
B,Gantry,123,17
B,Gantry,124,17.71
B,Gantry,125,14.5
B,Gantry,126,16.21
B,Gantry,127,14.69
B,Gantry,128,17.06
B,Gantry,129,17.58
B,Gantry,130,16.37
B,Gantry,131,17.97
B,Gantry,132,15.61
B,Gantry,133,14.27
B,Gantry,134,17.99
B,Gantry,135,16.68
B,Gantry,136,17.51
B,Gantry,137,17.32
B,Gantry,138,14.8
B,Gantry,139,16.66
B,Gantry,140,16.1
B,Gantry,141,16.07
B,Gantry,142,17.28
B,Gantry,143,17.83
B,Gantry,144,16.98
B,Gantry,145,15.25
B,Gantry,146,15.05
B,Gantry,147,14.35
B,Gantry,148,16.64
B,Gantry,149,16.7
B,Gantry,150,16.26
B,Gantry,151,15.56
B,Gantry,152,15.52
B,Gantry,153,16.08
B,Gantry,154,16.83
B,Gantry,155,16.16
B,Gantry,156,16.3
B,Gantry,157,17.82
B,Gantry,158,18.2
B,Gantry,159,16.88
B,Gantry,160,18.2
B,Gantry,161,16.82
B,Gantry,162,17.94
B,Gantry,163,14.5
B,Gantry,164,17.83
B,Gantry,165,17.09
B,Gantry,166,17.29
B,Gantry,167,15.38
B,Gantry,168,17.51
B,Gantry,169,17.91
B,Gantry,170,16.07
B,Gantry,171,17.87
B,Gantry,172,18.36
B,Gantry,173,15.92
B,Gantry,174,17.78
B,Gantry,175,16.51
B,Gantry,176,17.42
B,Gantry,177,15.8
B,Gantry,178,14.95
B,Gantry,179,17.45
B,Gantry,180,16.95
B,Gantry,181,17.73
B,Gantry,182,16.71
B,Gantry,183,17.74
B,Gantry,184,17.13
B,Gantry,185,16.01
B,Gantry,186,15.05
B,Gantry,187,16.23
B,Gantry,188,17.38
B,Gantry,189,16.16
B,Gantry,190,16.46
B,Gantry,191,16.45
B,Gantry,192,16.59
B,Gantry,193,18.03
B,Gantry,194,16.37
B,Gantry,195,18.32
B,Gantry,196,18.26
B,Gantry,197,15.53
B,Gantry,198,16.61
B,Gantry,199,16.08
B,Gantry,200,17.43
B,Gantry,201,15.95
B,Gantry,202,17.55
B,Gantry,203,18.02
B,Gantry,204,18.4
B,Gantry,205,18.07
B,Gantry,206,15.33
B,Gantry,207,16.23
B,Gantry,208,16.17
B,Gantry,209,16.57
B,Gantry,210,18.3
B,Gantry,211,17.46
B,Gantry,212,16.05
B,Gantry,213,17.48
B,Gantry,214,17.94
B,Gantry,215,16.75
B,Gantry,216,18.1
B,Gantry,217,17.29
B,Gantry,218,16.07
B,Gantry,219,16.99
B,Gantry,220,16.35
B,Gantry,221,16.86
B,Gantry,222,17.76
B,Gantry,223,17.46
B,Gantry,224,16.77
B,Gantry,225,16.05
B,Gantry,226,17.63
B,Gantry,227,16.3
B,Gantry,228,18.5
B,Gantry,229,16.97
B,Gantry,230,18.17
B,Gantry,231,17.96
B,Gantry,232,14.29
B,Gantry,233,16.24
B,Gantry,234,16.38
B,Gantry,235,14.74
B,Gantry,236,17.05
B,Gantry,237,17.83
B,Gantry,238,16.27
B,Gantry,239,17
B,Gantry,240,15.69
B,Gantry,241,15.9
B,Gantry,242,19
B,Gantry,243,15.67
B,Gantry,244,20.4
B,Gantry,245,17.21
B,Gantry,246,17.44
B,Gantry,247,18.19
B,Gantry,248,17.74
B,Gantry,249,17.89
B,Gantry,250,15.13
B,Gantry,251,14.16
B,Gantry,252,16.32
B,Gantry,253,15.62
B,Gantry,254,16.16
B,Gantry,255,17.06
B,Gantry,256,15.12
B,Gantry,257,15.29
B,Gantry,258,16.93
B,Gantry,259,13.93
B,Gantry,260,14.53
B,Gantry,261,16.99
B,Gantry,262,15.36
B,Gantry,263,18.21
B,Gantry,264,15.34
B,Gantry,265,16.6
B,Gantry,266,16.93
B,Gantry,267,17.65
B,Gantry,268,15.61
B,Gantry,269,15.26
B,Gantry,270,16.77
B,Gantry,271,15.88
B,Gantry,272,17.58
B,Gantry,273,17.05
B,Gantry,274,16.37
B,Gantry,275,18.01
B,Gantry,276,18.57
B,Gantry,277,15.79
B,Gantry,278,15.75
B,Gantry,279,17.13
B,Gantry,280,16.02
B,Gantry,281,16.67
B,Gantry,282,16.66
B,Gantry,283,15.91
B,Gantry,284,15.8
B,Gantry,285,16.57
B,Gantry,286,17.35
B,Gantry,287,16.12
B,Gantry,288,15.34
B,Gantry,289,16.01
B,Gantry,290,15.86
B,Gantry,291,16.52
B,Gantry,292,17.15
B,Gantry,293,14.88
B,Gantry,294,18.94
B,Gantry,295,17.29
B,Gantry,296,16.63
B,Gantry,297,16.67
B,Gantry,298,19.04
B,Gantry,299,15.89
B,Gantry,300,16.1
B,Gantry,301,17.97
B,Gantry,302,17.07
B,Gantry,303,16
B,Gantry,304,16.51
B,Gantry,305,16.74
B,Gantry,306,16.15
B,Gantry,307,17.28
B,Gantry,308,15.32
B,Gantry,309,17.51
B,Gantry,310,16.85
B,Gantry,311,15.03
B,Gantry,312,17.38
B,Gantry,313,17.52
B,Gantry,314,16.66
B,Gantry,315,15.8
B,Gantry,316,16.54
B,Gantry,317,17.15
B,Gantry,318,17.62
B,Gantry,319,16.62
B,Gantry,320,16.68
B,Gantry,321,17.02
B,Gantry,322,15.14
B,Gantry,323,18.3
B,Gantry,324,13.21
B,Gantry,325,15.76
B,Gantry,326,17.93
B,Gantry,327,15.26
B,Gantry,328,15.2
B,Gantry,329,15.97
B,Gantry,330,16.35
B,Gantry,331,18.34
B,Gantry,332,16.78
B,Gantry,333,16.84
B,Gantry,334,15.53
B,Gantry,335,17.63
B,Gantry,336,16.86
B,Gantry,337,15.74
B,Gantry,338,14.53
B,Gantry,339,18.14
B,Gantry,340,14.69
B,Gantry,341,15.63
B,Gantry,342,16.37
B,Gantry,343,14.98
B,Gantry,344,16.77
B,Gantry,345,18.27
B,Gantry,346,17.19
B,Gantry,347,16.42
B,Gantry,348,18.63
B,Gantry,349,14.36
B,Gantry,350,16.75
B,Gantry,351,16.49
B,Gantry,352,15.67
B,Gantry,353,16.49
B,Gantry,354,15.53
B,Gantry,355,16.5
B,Gantry,356,17.47
B,Gantry,357,17.36
B,Gantry,358,17.24
B,Gantry,359,16.87
B,Gantry,360,15.1
B,Gantry,361,18.29
B,Gantry,362,16.68
B,Gantry,363,16.26
B,Gantry,364,16.69
B,Gantry,365,17.42
B,Gantry,366,15.14
B,Gantry,367,16.5
B,Gantry,368,17.69
B,Gantry,369,14.8
B,Gantry,370,15.59
B,Gantry,371,16.87
B,Gantry,372,16.33
B,Gantry,373,16.79
B,Gantry,374,17.9
B,Gantry,375,17.42
B,Gantry,376,17.73
B,Gantry,377,17.38
B,Gantry,378,16.59
B,Gantry,379,15.84
B,Gantry,380,17.7
B,Gantry,381,18.45
B,Gantry,382,16.94
B,Gantry,383,17.64
B,Gantry,384,18.15
B,Gantry,385,18.76
B,Gantry,386,18.14
B,Gantry,387,15.44
B,Gantry,388,16.3
B,Gantry,389,17.21
B,Gantry,390,14.92
B,Gantry,391,17.82
B,Gantry,392,16.22
B,Gantry,393,17.22
B,Gantry,394,16.71
B,Gantry,395,16.32
B,Gantry,396,14.02
B,Gantry,397,16.23
B,Gantry,398,16.76
B,Gantry,399,15.59
B,Gantry,400,16.79
B,Gantry,401,15.61
B,Gantry,402,15.75
B,Gantry,403,15.88
B,Gantry,404,15.73
B,Gantry,405,16.27
B,Gantry,406,18.11
B,Gantry,407,14.4
B,Gantry,408,16.93
B,Gantry,409,16.68
B,Gantry,410,14.73
B,Gantry,411,16.13
B,Gantry,412,17.22
B,Gantry,413,18.51
B,Gantry,414,16.67
B,Gantry,415,16.76
B,Gantry,416,17.38
B,Gantry,417,15.38
B,Gantry,418,15.97
B,Gantry,419,18.27
B,Gantry,420,17.77
B,Gantry,421,16.84
B,Gantry,422,15.38
B,Gantry,423,16.21
B,Gantry,424,16.39
B,Gantry,425,16.82
B,Gantry,426,17.34
B,Gantry,427,16.84
B,Gantry,428,16.05
B,Gantry,429,16.21
B,Gantry,430,18.01
B,Gantry,431,15.4
B,Gantry,432,17.19
B,Gantry,433,17.11
B,Gantry,434,16.02
B,Gantry,435,16.98
B,Gantry,436,15.38
B,Gantry,437,18.06
B,Gantry,438,15.97
B,Gantry,439,16.37
B,Gantry,440,17.06
B,Gantry,441,16.72
B,Gantry,442,17.31
B,Gantry,443,17.1
B,Gantry,444,16.18
B,Gantry,445,17.35
B,Gantry,446,14.81
B,Gantry,447,16.29
B,Gantry,448,17.85
B,Gantry,449,16.18
B,Gantry,450,16.36
B,Gantry,451,18.01
B,Gantry,452,18.14
B,Gantry,453,17.36
B,Gantry,454,16.91
B,Gantry,455,17.02
B,Gantry,456,18.25
B,Gantry,457,16.27
B,Gantry,458,17.97
B,Gantry,459,17.73
B,Gantry,460,16.74
B,Gantry,461,17.01
B,Gantry,462,16.44
B,Gantry,463,17.11
B,Gantry,464,18.01
B,Gantry,465,16.55
B,Gantry,466,14.99
B,Gantry,467,17.3
B,Gantry,468,15.75
B,Gantry,469,15.81
B,Gantry,470,16.98
B,Gantry,471,16.37
B,Gantry,472,18.7
B,Gantry,473,17.14
B,Gantry,474,15.32
B,Gantry,475,18.6
B,Gantry,476,15.99
B,Gantry,477,16.04
B,Gantry,478,17.41
B,Gantry,479,18.08
B,Gantry,480,14.94
B,Gantry,481,17.24
B,Gantry,482,17.15
B,Gantry,483,18.87
B,Gantry,484,16.83
B,Gantry,485,18.03
B,Gantry,486,18.08
B,Gantry,487,17.46
B,Gantry,488,19.38
B,Gantry,489,17.28
B,Gantry,490,16.62
B,Gantry,491,19.46
B,Gantry,492,17.36
B,Gantry,493,16.68
B,Gantry,494,17.16
B,Gantry,495,16.76
B,Gantry,496,18.65
B,Gantry,497,17.4
B,Gantry,498,18
B,Gantry,499,15.84
B,Gantry,500,16.26
B,Gantry,501,16.28
B,Gantry,502,17.86
B,Gantry,503,18.91
B,Gantry,504,16.47
B,Gantry,505,18.07
B,Gantry,506,15.94
B,Gantry,507,17.33
B,Gantry,508,17.41
B,Gantry,509,15.25
B,Gantry,510,17.63
B,Gantry,511,17.31
B,Gantry,512,14.87
B,Gantry,513,15.72
B,Gantry,514,17.3
B,Gantry,515,15.91
B,Gantry,516,17.16
B,Gantry,517,17.67
B,Gantry,518,17.31
B,Gantry,519,14.58
B,Gantry,520,15.06
B,Gantry,521,16.94
B,Gantry,522,17.72
B,Gantry,523,15.75
B,Gantry,524,15.73
B,Gantry,525,18.28
B,Gantry,526,15.38
B,Gantry,527,16.79
B,Gantry,528,17.26
B,Gantry,529,14.74
B,Gantry,530,17.94
B,Gantry,531,16.73
B,Gantry,532,15.91
B,Gantry,533,15.86
B,Gantry,534,16.64
B,Gantry,535,19.39
B,Gantry,536,18.39
B,Gantry,537,16.09
B,Gantry,538,16.57
B,Gantry,539,17.13
B,Gantry,540,17.37
B,Gantry,541,16.07
B,Gantry,542,16.49
B,Gantry,543,15.42
B,Gantry,544,15.71
B,Gantry,545,16.21
B,Gantry,546,16.35
B,Gantry,547,18.06
B,Gantry,548,17.51
B,Gantry,549,17.31
B,Gantry,550,17.53
B,Gantry,551,18.17
B,Gantry,552,16.31
B,Gantry,553,16.62
B,Gantry,554,15.47
B,Gantry,555,17.2
B,Gantry,556,15.44
B,Gantry,557,15.63
B,Gantry,558,16.6
B,Gantry,559,16.31
B,Gantry,560,15.43
B,Gantry,561,15.83
B,Gantry,562,16.14
B,Gantry,563,17.4
B,Gantry,564,14.99
B,Gantry,565,16.3
B,Gantry,566,16.44
B,Gantry,567,16.72
B,Gantry,568,17.52
B,Gantry,569,15.93
B,Gantry,570,17.46
B,Gantry,571,15.44
B,Gantry,572,16.72
B,Gantry,573,16.48
B,Gantry,574,17.71
B,Gantry,575,15.56
B,Gantry,576,15.97
B,Gantry,577,16.39
B,Gantry,578,15.98
B,Gantry,579,18.19
B,Gantry,580,16.38
B,Gantry,581,17
B,Gantry,582,16.18
B,Gantry,583,15.89
B,Gantry,584,17.48
B,Gantry,585,15.75
B,Gantry,586,16.15
B,Gantry,587,17.21
B,Gantry,588,17.48
B,Gantry,589,14.52
B,Gantry,590,15.95
B,Gantry,591,15.43
B,Gantry,592,14.89
B,Gantry,593,15.18
B,Gantry,594,15.15
B,Gantry,595,16.96
B,Gantry,596,16.68
B,Gantry,597,16.97
B,Gantry,598,18.46
B,Gantry,599,15.96
B,Gantry,600,16.32
B,Gantry,601,17.97
B,Gantry,602,15.94
B,Gantry,603,16.96
B,Gantry,604,16.48
B,Gantry,605,17.31
B,Gantry,606,15.84
B,Gantry,607,17.33
B,Gantry,608,16.99
B,Gantry,609,18.1
B,Gantry,610,18.11
B,Gantry,611,15.69
B,Gantry,612,16.6
B,Gantry,613,13.9
B,Gantry,614,17.44
B,Gantry,615,17.97
B,Gantry,616,15.96
B,Gantry,617,15.41
B,Gantry,618,16.3
B,Gantry,619,17.72
B,Gantry,620,17.59
B,Gantry,621,16.65
B,Gantry,622,18.2
B,Gantry,623,15.39
B,Gantry,624,18.6
B,Gantry,625,14.94
B,Gantry,626,16.71
B,Gantry,627,17.2
B,Gantry,628,17.47
B,Gantry,629,14.49
B,Gantry,630,17.19
B,Gantry,631,15.69
B,Gantry,632,16.23
B,Gantry,633,16.94
B,Gantry,634,17.63
B,Gantry,635,16.17
B,Gantry,636,15.02
B,Gantry,637,16.94
B,Gantry,638,14.86
B,Gantry,639,15.31
B,Gantry,640,16.98
B,Gantry,641,17.06
B,Gantry,642,16.39
B,Gantry,643,15.32
B,Gantry,644,15.08
B,Gantry,645,16.81
B,Gantry,646,16.85
B,Gantry,647,18.7
B,Gantry,648,16.9
B,Gantry,649,16.77
B,Gantry,650,14.52
B,Gantry,651,16.69
B,Gantry,652,15.93
B,Gantry,653,16.08
B,Gantry,654,14.48
B,Gantry,655,17.3
B,Gantry,656,15.58
B,Gantry,657,16.84
B,Gantry,658,15.06
B,Gantry,659,16.99
B,Gantry,660,17.04
B,Gantry,661,16.68
B,Gantry,662,15.05
B,Gantry,663,15.42
B,Gantry,664,17.74
B,Gantry,665,14.62
B,Gantry,666,16.14
B,Gantry,667,16.39
B,Gantry,668,16.76
B,Gantry,669,15.62
B,Gantry,670,17.56
B,Gantry,671,17.78
B,Gantry,672,16.46
B,Gantry,673,18.43
B,Gantry,674,16.77
B,Gantry,675,18.42
B,Gantry,676,16.21
B,Gantry,677,16.25
B,Gantry,678,16.67
B,Gantry,679,16.92
B,Gantry,680,16.77
B,Gantry,681,16.39
B,Gantry,682,16.62
B,Gantry,683,16.26
B,Gantry,684,15.62
B,Gantry,685,17.33
B,Gantry,686,16.73
B,Gantry,687,15.57
B,Gantry,688,17.36
B,Gantry,689,17.83
B,Gantry,690,17
B,Gantry,691,17.41
B,Gantry,692,16.53
B,Gantry,693,16.83
B,Gantry,694,17.35
B,Gantry,695,14.3
B,Gantry,696,16.03
B,Gantry,697,16.69
B,Gantry,698,17.12
B,Gantry,699,17.16
B,Gantry,700,15.77
B,Gantry,701,16.62
B,Gantry,702,16.15
B,Gantry,703,17.97
B,Gantry,704,16.61
B,Gantry,705,16.67
B,Gantry,706,15.86
B,Gantry,707,16.71
B,Gantry,708,17.1
B,Gantry,709,16.62
B,Gantry,710,16.36
B,Gantry,711,15.62
B,Gantry,712,16.24
B,Gantry,713,16.05
B,Gantry,714,14.9
B,Gantry,715,18.21
B,Gantry,716,16.58
B,Gantry,717,16.05
B,Gantry,718,17.24
B,Gantry,719,16.21
B,Gantry,720,17.81
B,Gantry,721,17.48
B,Gantry,722,15.67
B,Gantry,723,16.61
B,Gantry,724,15.61
B,Gantry,725,15.19
B,Gantry,726,16.85
B,Gantry,727,17.58
B,Gantry,728,17.17
B,Gantry,729,14.79
B,Gantry,730,15.86
B,Gantry,731,16.24
B,Gantry,732,15.43
B,Gantry,733,16.97
B,Gantry,734,14.98
B,Gantry,735,17.2
B,Gantry,736,16.19
B,Gantry,737,15.3
B,Gantry,738,15.52
B,Gantry,739,15.73
B,Gantry,740,14.48
B,Gantry,741,17.43
B,Gantry,742,16.59
B,Gantry,743,19.74
B,Gantry,744,18.25
B,Gantry,745,16.34
B,Gantry,746,14.78
B,Gantry,747,16.18
B,Gantry,748,17.74
B,Gantry,749,16.6
B,Gantry,750,17.51
B,Gantry,751,15.59
B,Gantry,752,14.92
B,Gantry,753,17.87
B,Gantry,754,16.47
B,Gantry,755,15.72
B,Gantry,756,15.71
B,Gantry,757,15.32
B,Gantry,758,15.96
B,Gantry,759,15.6
B,Gantry,760,17.1
B,Gantry,761,18.25
B,Gantry,762,15.43
B,Gantry,763,18.2
B,Gantry,764,17.39
B,Gantry,765,16.84
B,Gantry,766,16.95
B,Gantry,767,19.67
B,Gantry,768,16.97
B,Gantry,769,15.78
B,Gantry,770,17.02
B,Gantry,771,16.89
B,Gantry,772,17.13
B,Gantry,773,17.49
B,Gantry,774,14.78
B,Gantry,775,17.28
B,Gantry,776,18.36
B,Gantry,777,16.87
B,Gantry,778,16.22
B,Gantry,779,18.57
B,Gantry,780,17.81
B,Gantry,781,18.21
B,Gantry,782,17.37
B,Gantry,783,14.55
B,Gantry,784,18.46
B,Gantry,785,16.93
B,Gantry,786,17.12
B,Gantry,787,16.1
B,Gantry,788,17.15
B,Gantry,789,16.7
B,Gantry,790,15.99
B,Gantry,791,17.68
B,Gantry,792,17.9
B,Gantry,793,15.94
B,Gantry,794,16.22
B,Gantry,795,17.67
B,Gantry,796,13.1
B,Gantry,797,16.2
B,Gantry,798,16.08
B,Gantry,799,16.4
B,Gantry,800,16.78
B,Gantry,801,15.77
B,Gantry,802,17.81
B,Gantry,803,16.53
B,Gantry,804,17.1
B,Gantry,805,17.38
B,Gantry,806,16.68
B,Gantry,807,17.38
B,Gantry,808,15.76
B,Gantry,809,17.19
B,Gantry,810,18.34
B,Gantry,811,16.8
B,Gantry,812,15.5
B,Gantry,813,17.88
B,Gantry,814,16.07
B,Gantry,815,17.97
B,Gantry,816,15.75
B,Gantry,817,16.61
B,Gantry,818,18.17
B,Gantry,819,14.72
B,Gantry,820,15.72
B,Gantry,821,16.16
B,Gantry,822,16.79
B,Gantry,823,16.34
B,Gantry,824,14.56
B,Gantry,825,15.82
B,Gantry,826,17.46
B,Gantry,827,17.11
B,Gantry,828,15.99
B,Gantry,829,17.68
B,Gantry,830,16.81
B,Gantry,831,16.74
B,Gantry,832,14.38
B,Gantry,833,14.71
B,Gantry,834,17.91
B,Gantry,835,17.08
B,Gantry,836,14.85
B,Gantry,837,16.9
B,Gantry,838,14.63
B,Gantry,839,17.13
B,Gantry,840,16.51
B,Gantry,841,16.88
B,Gantry,842,16.25
B,Gantry,843,17.73
B,Gantry,844,16.65
B,Gantry,845,15.82
B,Gantry,846,15.19
B,Gantry,847,15.24
B,Gantry,848,15.74
B,Gantry,849,16.72
B,Gantry,850,16.34
B,Gantry,851,16.94
B,Gantry,852,16.32
B,Gantry,853,17.4
B,Gantry,854,17.65
B,Gantry,855,16.62
B,Gantry,856,16.74
B,Gantry,857,17.85
B,Gantry,858,16.86
B,Gantry,859,16.64
B,Gantry,860,16.91
B,Gantry,861,18.25
B,Gantry,862,16.1
B,Gantry,863,17.49
B,Gantry,864,16.42
B,Gantry,865,15.24
B,Gantry,866,15.72
B,Gantry,867,15.44
B,Gantry,868,15.53
B,Gantry,869,15.17
B,Gantry,870,16.22
B,Gantry,871,17.03
B,Gantry,872,16.43
B,Gantry,873,17.37
B,Gantry,874,17.25
B,Gantry,875,14.17
B,Gantry,876,17.51
B,Gantry,877,17.75
B,Gantry,878,17.84
B,Gantry,879,15.2
B,Gantry,880,16.4
B,Gantry,881,17.59
B,Gantry,882,16.86
B,Gantry,883,15.71
B,Gantry,884,16.82
B,Gantry,885,15.04
B,Gantry,886,17.02
B,Gantry,887,16.85
B,Gantry,888,16.75
B,Gantry,889,17.58
B,Gantry,890,14.42
B,Gantry,891,15.59
B,Gantry,892,15.83
B,Gantry,893,16.2
B,Gantry,894,16.89
B,Gantry,895,16.91
B,Gantry,896,16.43
B,Gantry,897,16.9
B,Gantry,898,17.76
B,Gantry,899,15.55
B,Gantry,900,16.55
B,Gantry,901,13.79
B,Gantry,902,16.3
B,Gantry,903,17.06
B,Gantry,904,15.81
B,Gantry,905,16.93
B,Gantry,906,17.76
B,Gantry,907,15.92
B,Gantry,908,15.39
B,Gantry,909,16.06
B,Gantry,910,16.38
B,Gantry,911,15.69
B,Gantry,912,16.08
B,Gantry,913,16.13
B,Gantry,914,18.77
B,Gantry,915,15.75
B,Gantry,916,16.64
B,Gantry,917,15.29
B,Gantry,918,14.18
B,Gantry,919,16.7
B,Gantry,920,17.47
B,Gantry,921,17.07
B,Gantry,922,16.93
B,Gantry,923,14.03
B,Gantry,924,14.42
B,Gantry,925,16.83
B,Gantry,926,16.76
B,Gantry,927,15.31
B,Gantry,928,17.19
B,Gantry,929,16.91
B,Gantry,930,16.15
B,Gantry,931,16.36
B,Gantry,932,17.03
B,Gantry,933,17.7
B,Gantry,934,17.01
B,Gantry,935,15.75
B,Gantry,936,19.07
B,Gantry,937,17
B,Gantry,938,15.8
B,Gantry,939,16.38
B,Gantry,940,15.75
B,Gantry,941,18.09
B,Gantry,942,15.28
B,Gantry,943,17.33
B,Gantry,944,17.32
B,Gantry,945,17.03
B,Gantry,946,16.5
B,Gantry,947,18.74
B,Gantry,948,17.99
B,Gantry,949,16.12
B,Gantry,950,16.59
B,Gantry,951,16.82
B,Gantry,952,15.59
B,Gantry,953,15.17
B,Gantry,954,15.91
B,Gantry,955,17.66
B,Gantry,956,16.11
B,Gantry,957,17.25
B,Gantry,958,16.8
B,Gantry,959,16.9
B,Gantry,960,18.05
B,Gantry,961,16.19
B,Gantry,962,13.75
B,Gantry,963,17.1
B,Gantry,964,18.46
B,Gantry,965,17.67
B,Gantry,966,16.88
B,Gantry,967,16.8
B,Gantry,968,18.85
B,Gantry,969,17.25
B,Gantry,970,14.64
B,Gantry,971,14.94
B,Gantry,972,15.51
B,Gantry,973,16.62
B,Gantry,974,15.42
B,Gantry,975,16.64
B,Gantry,976,17.2
B,Gantry,977,16.5
B,Gantry,978,17.19
B,Gantry,979,15.46
B,Gantry,980,17.86
B,Gantry,981,17.57
B,Gantry,982,16.42
B,Gantry,983,15.86
B,Gantry,984,18.28
B,Gantry,985,15.41
B,Gantry,986,15.47
B,Gantry,987,16.84
B,Gantry,988,17.79
B,Gantry,989,15.84
B,Gantry,990,17.76
B,Gantry,991,17.06
B,Gantry,992,13.99
B,Gantry,993,16.12
B,Gantry,994,15.42
B,Gantry,995,15.56
B,Gantry,996,14.81
B,Gantry,997,16.01
B,Gantry,998,16.74
B,Gantry,999,15.02
B,Gantry,1000,16.26
B,Gantry,1001,15.61
B,Gantry,1002,16.09
B,Gantry,1003,16.32
B,Gantry,1004,17.47
B,Gantry,1005,17.44
B,Gantry,1006,17.36
B,Gantry,1007,17.04
B,Gantry,1008,16.97
B,Gantry,1009,15.92
B,Gantry,1010,16.96
B,Gantry,1011,17.25
B,Gantry,1012,14.6
B,Gantry,1013,16.25
B,Gantry,1014,15.43
B,Gantry,1015,18.33
B,Gantry,1016,17.43
B,Gantry,1017,16.87
B,Gantry,1018,15.93
B,Gantry,1019,16.07
B,Gantry,1020,16.56
B,Gantry,1021,15.21
B,Gantry,1022,16.18
B,Gantry,1023,17.54
B,Gantry,1024,15.86
B,Gantry,1025,17.83
B,Gantry,1026,16.93
B,Gantry,1027,16.38
B,Gantry,1028,15.84
B,Gantry,1029,18.09
B,Gantry,1030,16.45
B,Gantry,1031,16.96
B,Gantry,1032,16.71
B,Gantry,1033,15.24
B,Gantry,1034,17.2
B,Gantry,1035,14.43
B,Gantry,1036,14.6
B,Gantry,1037,15.4
B,Gantry,1038,16.65
B,Gantry,1039,17.49
B,Gantry,1040,15.24
B,Gantry,1041,15.92
B,Gantry,1042,16.51
B,Gantry,1043,16.5
B,Gantry,1044,17.5
B,Gantry,1045,16.84
B,Gantry,1046,16.72
B,Gantry,1047,16.54
B,Gantry,1048,15.69
B,Gantry,1049,17.01
B,Gantry,1050,19.41
B,Gantry,1051,18.49
B,Gantry,1052,17.7
B,Gantry,1053,16.28
B,Gantry,1054,16.66
B,Gantry,1055,15.25
B,Gantry,1056,15.47
B,Gantry,1057,16.76
B,Gantry,1058,15.16
B,Gantry,1059,14.89
B,Gantry,1060,15.61
B,Gantry,1061,17.25
B,Gantry,1062,17.57
B,Gantry,1063,17.56
B,Gantry,1064,14.14
B,Gantry,1065,16.38
B,Gantry,1066,18.24
B,Gantry,1067,17.19
B,Gantry,1068,16.31
B,Gantry,1069,17.06
B,Gantry,1070,16.11
B,Gantry,1071,16.67
B,Gantry,1072,15.85
B,Gantry,1073,15.6
B,Gantry,1074,17.77
B,Gantry,1075,18.54
B,Gantry,1076,17.83
B,Gantry,1077,16.65
B,Gantry,1078,18.04
B,Gantry,1079,17.23
B,Gantry,1080,15.44
B,Gantry,1081,15.87
B,Gantry,1082,16.67
B,Gantry,1083,16.26
B,Gantry,1084,17.14
B,Gantry,1085,17.81
B,Gantry,1086,16.11
B,Gantry,1087,15.08
B,Gantry,1088,18.99
B,Gantry,1089,15.62
B,Gantry,1090,14.82
B,Gantry,1091,17.27
B,Gantry,1092,15.64
B,Gantry,1093,16.14
B,Gantry,1094,18.59
B,Gantry,1095,16.16
B,Gantry,1096,14.82
B,Gantry,1097,15.84
B,Gantry,1098,17.39
B,Gantry,1099,16.2
B,Gantry,1100,17.26
B,Gantry,1101,16.97
B,Gantry,1102,17.21
B,Gantry,1103,17.89
B,Gantry,1104,16.59
B,Gantry,1105,16.03
B,Gantry,1106,15.84
B,Gantry,1107,15.12
B,Gantry,1108,19.15
B,Gantry,1109,18.33
B,Gantry,1110,16.51
B,Gantry,1111,17.08
B,Gantry,1112,17.89
B,Gantry,1113,17.65
B,Gantry,1114,17.18
B,Gantry,1115,18.66
B,Gantry,1116,16.26
B,Gantry,1117,16.21
B,Gantry,1118,16.04
B,Gantry,1119,17.13
B,Gantry,1120,14.93
B,Gantry,1121,15.3
B,Gantry,1122,16.55
B,Gantry,1123,16.07
B,Gantry,1124,17.32
B,Gantry,1125,17.85
B,Gantry,1126,16.22
B,Gantry,1127,17.63
B,Gantry,1128,16.15
B,Gantry,1129,15.35
B,Gantry,1130,17.38
B,Gantry,1131,15.51
B,Gantry,1132,18.65
B,Gantry,1133,17.94
B,Gantry,1134,17.34
B,Gantry,1135,15.42
B,Gantry,1136,16.22
B,Gantry,1137,15.78
B,Gantry,1138,16.48
B,Gantry,1139,16.61
B,Gantry,1140,16.02
B,Gantry,1141,15.98
B,Gantry,1142,14.83
B,Gantry,1143,16.43
B,Gantry,1144,15.73
B,Gantry,1145,16.24
B,Gantry,1146,15.06
B,Gantry,1147,16.6
B,Gantry,1148,16.9
B,Gantry,1149,16.01
B,Gantry,1150,16.91
B,Gantry,1151,14.52
B,Gantry,1152,15.96
B,Gantry,1153,15.77
B,Gantry,1154,15.8
B,Gantry,1155,18.52
B,Gantry,1156,15.09
B,Gantry,1157,16.84
B,Gantry,1158,16.85
B,Gantry,1159,17.76
B,Gantry,1160,16.75
B,Gantry,1161,16.38
B,Gantry,1162,18.72
B,Gantry,1163,17.99
B,Gantry,1164,15.29
B,Gantry,1165,16.71
B,Gantry,1166,13.56
B,Gantry,1167,18.25
B,Gantry,1168,16.3
B,Gantry,1169,18.4
B,Gantry,1170,17.77
B,Gantry,1171,16.67
B,Gantry,1172,16.34
B,Gantry,1173,16.43
B,Gantry,1174,15.9
B,Gantry,1175,14.51
B,Gantry,1176,14.28
B,Gantry,1177,16.59
B,Gantry,1178,16.85
B,Gantry,1179,16.69
B,Gantry,1180,15.3
B,Gantry,1181,15.62
B,Gantry,1182,15.87
B,Gantry,1183,15.18
B,Gantry,1184,17.42
B,Gantry,1185,16.71
B,Gantry,1186,15.09
B,Gantry,1187,16.05
B,Gantry,1188,15.42
B,Gantry,1189,14.71
B,Gantry,1190,15.71
B,Gantry,1191,17.16
B,Gantry,1192,15.92
B,Gantry,1193,18.14
B,Gantry,1194,16.4
B,Gantry,1195,18.37
B,Gantry,1196,15.77
B,Gantry,1197,17.28
B,Gantry,1198,16.69
B,Gantry,1199,16.3
B,Gantry,1200,15.72
B,Gantry,1201,16.88
B,Gantry,1202,15.78
B,Gantry,1203,17.92
B,Gantry,1204,15.88
B,Gantry,1205,19.05
B,Gantry,1206,17.98
B,Gantry,1207,18.75
B,Gantry,1208,16.81
B,Gantry,1209,17.23
B,Gantry,1210,17.14
B,Gantry,1211,16.36
B,Gantry,1212,16.33
B,Gantry,1213,16.7
B,Gantry,1214,16.67
B,Gantry,1215,16.63
B,Gantry,1216,15.31
B,Gantry,1217,17.54
B,Gantry,1218,14.13
B,Gantry,1219,15.56
B,Gantry,1220,16.83
B,Gantry,1221,17.9
B,Gantry,1222,15.43
B,Gantry,1223,17.56
B,Gantry,1224,15.76
B,Gantry,1225,17.88
B,Gantry,1226,16.53
B,Gantry,1227,15.09
B,Gantry,1228,16.08
B,Gantry,1229,14.45
B,Gantry,1230,14.38
B,Gantry,1231,16.69
B,Gantry,1232,14.91
B,Gantry,1233,16.44
B,Gantry,1234,19.37
B,Gantry,1235,17.36
B,Gantry,1236,16.89
B,Gantry,1237,16.59
B,Gantry,1238,14.28
B,Gantry,1239,14.65
B,Gantry,1240,17.98
B,Gantry,1241,14.42
B,Gantry,1242,15.56
B,Gantry,1243,15.99
B,Gantry,1244,16.65
B,Gantry,1245,18.58
B,Gantry,1246,16.03
B,Gantry,1247,17.31
B,Gantry,1248,15.97
B,Gantry,1249,16.09
B,Gantry,1250,17.01
B,Gantry,1251,17.73
B,Gantry,1252,16.36
B,Gantry,1253,16.05
B,Gantry,1254,17.52
B,Gantry,1255,16.79
B,Gantry,1256,16.73
B,Gantry,1257,16.91
B,Gantry,1258,19.08
B,Gantry,1259,17.21
B,Gantry,1260,17.44
B,Gantry,1261,17.71
B,Gantry,1262,17.4
B,Gantry,1263,17.44
B,Gantry,1264,15.61
B,Gantry,1265,15.94
B,Gantry,1266,15.42
B,Gantry,1267,17.38
B,Gantry,1268,15.06
B,Gantry,1269,17.51
B,Gantry,1270,16.21
B,Gantry,1271,16.15
B,Gantry,1272,17.94
B,Gantry,1273,17.67
B,Gantry,1274,15.32
B,Gantry,1275,15.63
B,Gantry,1276,16.08
B,Gantry,1277,17.74
B,Gantry,1278,16.65
B,Gantry,1279,17.39
B,Gantry,1280,19.17
B,Gantry,1281,16.01
B,Gantry,1282,14.53
B,Gantry,1283,17.74
B,Gantry,1284,16.29
B,Gantry,1285,16.19
B,Gantry,1286,17.21
B,Gantry,1287,16.63
B,Gantry,1288,16.76
B,Gantry,1289,15.74
B,Gantry,1290,18.43
B,Gantry,1291,18
B,Gantry,1292,16.41
B,Gantry,1293,16.64
B,Gantry,1294,15.22
B,Gantry,1295,16.62
B,Gantry,1296,15.82
B,Gantry,1297,16.06
B,Gantry,1298,16.81
B,Gantry,1299,16.25
B,Gantry,1300,17.1
B,Gantry,1301,17.5
B,Gantry,1302,17.35
B,Gantry,1303,15.8
B,Gantry,1304,16.81
B,Gantry,1305,16.88
B,Gantry,1306,17.66
B,Gantry,1307,16.01
B,Gantry,1308,17.12
B,Gantry,1309,16.23
B,Gantry,1310,16.34
B,Gantry,1311,17.27
B,Gantry,1312,18.7
B,Gantry,1313,15.42
B,Gantry,1314,15.41
B,Gantry,1315,16.01
B,Gantry,1316,14.63
B,Gantry,1317,16.59
B,Gantry,1318,18.18
B,Gantry,1319,17.22
B,Gantry,1320,17.19
B,Gantry,1321,17.46
B,Gantry,1322,16.42
B,Gantry,1323,17.28
B,Gantry,1324,15.1
B,Gantry,1325,15.98
B,Gantry,1326,16.16
B,Gantry,1327,16.04
B,Gantry,1328,16.37
B,Gantry,1329,16.08
B,Gantry,1330,18.1
B,Gantry,1331,15.92
B,Gantry,1332,15.28
B,Gantry,1333,15.21
B,Gantry,1334,16.54
B,Gantry,1335,16.87
B,Gantry,1336,17.33
B,Gantry,1337,17.31
B,Gantry,1338,16.62
B,Gantry,1339,17.84
B,Gantry,1340,16.61
B,Gantry,1341,17.52
B,Gantry,1342,15.66
B,Gantry,1343,18.88
B,Gantry,1344,18.48
B,Gantry,1345,17
B,Gantry,1346,16.36
B,Gantry,1347,15.44
B,Gantry,1348,16.39
B,Gantry,1349,15.43
B,Gantry,1350,17.68
B,Gantry,1351,17.73
B,Gantry,1352,17.13
B,Gantry,1353,17.4
B,Gantry,1354,16.5
B,Gantry,1355,17.45
B,Gantry,1356,14.68
B,Gantry,1357,14.47
B,Gantry,1358,15.41
B,Gantry,1359,14.85
B,Gantry,1360,13.9
B,Gantry,1361,15.07
B,Gantry,1362,18.33
B,Gantry,1363,15.83
B,Gantry,1364,17.76
B,Gantry,1365,16.38
B,Gantry,1366,15.63
B,Gantry,1367,17.95
B,Gantry,1368,15.62
B,Gantry,1369,16.46
B,Gantry,1370,16.03
B,Gantry,1371,17.22
B,Gantry,1372,18.38
B,Gantry,1373,15.86
B,Gantry,1374,18.35
B,Gantry,1375,16.25
B,Gantry,1376,17.08
B,Gantry,1377,17.15
B,Gantry,1378,17.04
B,Gantry,1379,16.24
B,Gantry,1380,14.97
B,Gantry,1381,18.3
B,Gantry,1382,17.78
B,Gantry,1383,16.12
B,Gantry,1384,14.89
B,Gantry,1385,16.04
B,Gantry,1386,16.6
B,Gantry,1387,15.18
B,Gantry,1388,16.19
B,Gantry,1389,17.74
B,Gantry,1390,15.23
B,Gantry,1391,16.16
B,Gantry,1392,15.92
B,Gantry,1393,17.67
B,Gantry,1394,14.96
B,Gantry,1395,16.18
B,Gantry,1396,17.49
B,Gantry,1397,17.12
B,Gantry,1398,16.07
B,Gantry,1399,15.55
B,Gantry,1400,15.89
B,Gantry,1401,17.16
B,Gantry,1402,17.31
B,Gantry,1403,17.02
B,Gantry,1404,15.43
B,Gantry,1405,16.51
B,Gantry,1406,17.14
B,Gantry,1407,15.03
B,Gantry,1408,18.1
B,Gantry,1409,17.24
B,Gantry,1410,17.35
B,Gantry,1411,17.82
B,Gantry,1412,15.4
B,Gantry,1413,18.52
B,Gantry,1414,15.87
B,Gantry,1415,16.42
B,Gantry,1416,16.93
B,Gantry,1417,16.81
B,Gantry,1418,19.59
B,Gantry,1419,15.64
B,Gantry,1420,16.59
B,Gantry,1421,18.4
B,Gantry,1422,16.23
B,Gantry,1423,20.65
B,Gantry,1424,17.66
B,Gantry,1425,18.04
B,Gantry,1426,17.22
B,Gantry,1427,17.96
B,Gantry,1428,17.68
B,Gantry,1429,15.91
B,Gantry,1430,16.99
B,Gantry,1431,17.05
B,Gantry,1432,14.89
B,Gantry,1433,16.37
B,Gantry,1434,16.79
B,Gantry,1435,15.67
B,Gantry,1436,17.2
B,Gantry,1437,16.11
B,Gantry,1438,15.5
B,Gantry,1439,15.85
B,Gantry,1440,16.89
B,Gantry,1441,16.36
B,Gantry,1442,15.56
B,Gantry,1443,16.85
B,Gantry,1444,16.65
B,Gantry,1445,12.99
B,Gantry,1446,19.28
B,Gantry,1447,16.11
B,Gantry,1448,16.61
B,Gantry,1449,17.39
B,Gantry,1450,15.33
B,Gantry,1451,13.51
B,Gantry,1452,16.85
B,Gantry,1453,16.85
B,Gantry,1454,16.04
B,Gantry,1455,17.62
B,Gantry,1456,15.76
B,Gantry,1457,15.21
B,Gantry,1458,18.08
B,Gantry,1459,17.06
B,Gantry,1460,15.74
B,Gantry,1461,15.82
B,Gantry,1462,17.18
B,Gantry,1463,16.37
B,Gantry,1464,17.72
B,Gantry,1465,15.98
B,Gantry,1466,16.69
B,Gantry,1467,17.18
B,Gantry,1468,14.85
B,Gantry,1469,16.59
B,Gantry,1470,16.11
B,Gantry,1471,15.82
B,Gantry,1472,16.52
B,Gantry,1473,16.99
B,Gantry,1474,17.02
B,Gantry,1475,17.13
B,Gantry,1476,16.41
B,Gantry,1477,16.17
B,Gantry,1478,17.95
B,Gantry,1479,17.42
B,Gantry,1480,15.56
B,Gantry,1481,17.06
B,Gantry,1482,18.51
B,Gantry,1483,16.92
B,Gantry,1484,17.06
B,Gantry,1485,15.87
B,Gantry,1486,15.97
B,Gantry,1487,16.62
B,Gantry,1488,17.09
B,Gantry,1489,16.01
B,Gantry,1490,15.58
B,Gantry,1491,17.06
B,Gantry,1492,17.3
B,Gantry,1493,16.22
B,Gantry,1494,16.4
B,Gantry,1495,16.55
B,Gantry,1496,16.84
B,Gantry,1497,17.78
B,Gantry,1498,18.16
B,Gantry,1499,13.15
B,Gantry,1500,16.8
